Primary_Genre,Nama_Artis,Item_Terjual,Total_Revenue,Harga_Rata_Rata
(synthetic) Indie / Alternative,Mandolin Orange,39,1552.0,39.79
(synthetic) Indie / Alternative,TV Girl,16,335.0,20.94
(synthetic) Indie / Alternative,Action Bronson,5,225.0,45.0
(synthetic) Indie / Alternative,Parde Grilon,1,200.0,200.0
(synthetic) Indie / Alternative,chris gs,10,105.02,10.5
(synthetic) Indie / Alternative,Eisel,1,100.0,100.0
(synthetic) Indie / Alternative,Smarts,4,97.08,24.27
(synthetic) Indie / Alternative,Really Slow Motion,1,90.0,90.0
(synthetic) Indie / Alternative,Graz,3,85.0,28.33
(synthetic) Indie / Alternative,Keep The Feel Ent.,1,85.0,85.0
(synthetic) Indie / Alternative,Various Artists,7,75.66,10.81
(synthetic) Indie / Alternative,The Dandy Warhols,7,75.0,10.71
(synthetic) Indie / Alternative,Dengue Dengue Dengue,4,60.14,15.04
(synthetic) Indie / Alternative,Portray Heads,2,56.0,28.0
(synthetic) Indie / Alternative,Mogwai,4,53.26,13.31
(synthetic) Indie / Alternative,Chromeo,2,50.0,25.0
(synthetic) Indie / Alternative,Infant Island,2,50.0,25.0
(synthetic) Indie / Alternative,The White Swan,2,50.0,25.0
(synthetic) Indie / Alternative,"Barry ""Epoch"" Topping",4,48.04,12.01
(synthetic) Indie / Alternative,Mutual Intentions,1,46.03,46.03
(synthetic) Indie / Alternative,Shlohmo,3,44.0,14.67
(synthetic) Indie / Alternative,Green Bay Wax,3,42.87,14.29
(synthetic) Indie / Alternative,Kikagaku Moyo,2,40.0,20.0
(synthetic) Indie / Alternative,Sweet Time,2,40.0,20.0
(synthetic) Indie / Alternative,YESKA Beatz Unltd,1,40.0,40.0
(synthetic) Indie / Alternative,Necrot,4,39.97,9.99
(synthetic) Indie / Alternative,Nadejda,3,37.77,12.59
(synthetic) Indie / Alternative,Various,3,37.14,12.38
(synthetic) Indie / Alternative,Death,1,37.0,37.0
(synthetic) Indie / Alternative,Griffin McElroy,8,36.0,4.5
(synthetic) Indie / Alternative,Blast Records,2,35.42,17.71
(synthetic) Indie / Alternative,Alessandro Alessandroni,1,35.41,35.41
(synthetic) Indie / Alternative,Chuwanaga,1,35.41,35.41
(synthetic) Indie / Alternative,Piero Piccioni,1,35.41,35.41
(synthetic) Indie / Alternative,The Beverly Crushers,1,35.0,35.0
(synthetic) Indie / Alternative,Seven,1,34.5,34.5
(synthetic) Indie / Alternative,Vulfpeck,5,34.0,6.8
(synthetic) Indie / Alternative,Contours & Yadava,2,33.76,16.88
(synthetic) Indie / Alternative,Alan Braufman,2,32.0,16.0
(synthetic) Indie / Alternative,Marduk,1,31.83,31.83
(synthetic) Indie / Alternative,Actress,1,31.18,31.18
(synthetic) Indie / Alternative,Camp Blood,2,30.69,15.34
(synthetic) Indie / Alternative,Fabio Orsi,1,30.69,30.69
(synthetic) Indie / Alternative,Aesop Rock,3,30.0,10.0
(synthetic) Indie / Alternative,Brook Pridemore,1,30.0,30.0
(synthetic) Indie / Alternative,Las Cafeteras,1,30.0,30.0
(synthetic) Indie / Alternative,Nick Lurwick,1,30.0,30.0
(synthetic) Indie / Alternative,Ninja Sex Party,3,30.0,10.0
(synthetic) Indie / Alternative,Nubya Garcia,1,30.0,30.0
(synthetic) Indie / Alternative,Sweeping Promises,2,30.0,15.0
(synthetic) Indie / Alternative,OHHMS,2,29.86,14.93
(synthetic) Indie / Alternative,Alberto Baldan Bembo,1,29.51,29.51
(synthetic) Indie / Alternative,Arubu Avua,1,29.21,29.21
(synthetic) Indie / Alternative,Bella Lune,1,29.0,29.0
(synthetic) Indie / Alternative,Jackie Venson,1,29.0,29.0
(synthetic) Indie / Alternative,Sergeant Thunderhoof,1,28.58,28.58
(synthetic) Indie / Alternative,The Anchoress,1,28.58,28.58
(synthetic) Indie / Alternative,Regain Records,2,28.29,14.15
(synthetic) Indie / Alternative,Syd Arthur,1,28.06,28.06
(synthetic) Indie / Alternative,CAF?,1,27.27,27.27
(synthetic) Indie / Alternative,Matt Mays,1,26.6,26.6
(synthetic) Indie / Alternative,Wilt,1,26.6,26.6
(synthetic) Indie / Alternative,MANIK MC,1,25.98,25.98
(synthetic) Indie / Alternative,PETBRICK,1,25.98,25.98
(synthetic) Indie / Alternative,BCee & Charlotte Haining,1,25.97,25.97
(synthetic) Indie / Alternative,La P'tite Fumée,2,25.96,12.98
(synthetic) Indie / Alternative,Gus & Iggy,1,25.45,25.45
(synthetic) Indie / Alternative,Pat Jaffe,1,25.45,25.45
(synthetic) Indie / Alternative,Spoonbill,1,25.45,25.45
(synthetic) Indie / Alternative,BusCrates,1,25.0,25.0
(synthetic) Indie / Alternative,Deep Sea Diver,1,25.0,25.0
(synthetic) Indie / Alternative,"James Landino, Funk Fiction, Falk Au Yeong, Andy Tunstall",2,25.0,12.5
(synthetic) Indie / Alternative,John Mark McMillan,3,25.0,8.33
(synthetic) Indie / Alternative,Paysage d'Hiver,3,25.0,8.33
(synthetic) Indie / Alternative,Snapped Ankles,1,24.02,24.02
(synthetic) Indie / Alternative,Middle-Man Records,2,24.0,12.0
(synthetic) Indie / Alternative,Jean C. Roché,1,23.61,23.61
(synthetic) Indie / Alternative,Oracle Bones,1,23.61,23.61
(synthetic) Indie / Alternative,Technopsis,1,23.61,23.61
(synthetic) Indie / Alternative,Tsirihaka Harrivel & Vimala Pons,1,23.61,23.61
(synthetic) Indie / Alternative,Blackbird Raum,2,23.0,11.5
(synthetic) Indie / Alternative,Aidan Knight,1,22.8,22.8
(synthetic) Indie / Alternative,Lifvsleda,1,22.71,22.71
(synthetic) Indie / Alternative,Footprint Project,1,22.43,22.43
(synthetic) Indie / Alternative,Dj Kmell,8,22.42,2.8
(synthetic) Indie / Alternative,LEON VYNEHALL,1,22.09,22.09
(synthetic) Indie / Alternative,All Them Witches,2,22.0,11.0
(synthetic) Indie / Alternative,Amanda Palmer & Rhiannon Giddens,5,22.0,4.4
(synthetic) Indie / Alternative,Churchwood,1,22.0,22.0
(synthetic) Indie / Alternative,Harvey McLaughlin,1,22.0,22.0
(synthetic) Indie / Alternative,Neànder,1,21.25,21.25
(synthetic) Indie / Alternative,Bad Time Records,6,21.0,3.5
(synthetic) Indie / Alternative,Drew McDowall,1,20.99,20.99
(synthetic) Indie / Alternative,Om Unit,1,20.79,20.79
(synthetic) Indie / Alternative,Whipstriker,1,20.79,20.79
(synthetic) Indie / Alternative,Radial,1,20.07,20.07
(synthetic) Indie / Alternative,Tensal,2,20.06,10.03
(synthetic) Indie / Alternative,B.Slade,1,20.0,20.0
(synthetic) Indie / Alternative,Cape Town Electronic Music Festival,1,20.0,20.0
(synthetic) Indie / Alternative,Cat Mullins & ThemBoys,1,20.0,20.0
(synthetic) Indie / Alternative,EMDR,1,20.0,20.0
(synthetic) Indie / Alternative,Field Medic,1,20.0,20.0
(synthetic) Indie / Alternative,Giacomo Fiore,1,20.0,20.0
(synthetic) Indie / Alternative,Jen Swartout,1,20.0,20.0
(synthetic) Indie / Alternative,Lomelda,1,20.0,20.0
(synthetic) Indie / Alternative,Maral,1,20.0,20.0
(synthetic) Indie / Alternative,Messer Chups,1,20.0,20.0
(synthetic) Indie / Alternative,New Age Healers,1,20.0,20.0
(synthetic) Indie / Alternative,Paul Babelay,1,20.0,20.0
(synthetic) Indie / Alternative,Rilo Kiley,1,20.0,20.0
(synthetic) Indie / Alternative,Tom Moulton,1,20.0,20.0
(synthetic) Indie / Alternative,Zeal and Ardor,1,19.49,19.49
(synthetic) Indie / Alternative,Moan,1,19.48,19.48
(synthetic) Indie / Alternative,Jenny Lapp,1,19.0,19.0
(synthetic) Indie / Alternative,Ventre De Biche,1,18.89,18.89
(synthetic) Indie / Alternative,Gabor Szabo,2,18.26,9.13
(synthetic) Indie / Alternative,PC Music,2,18.18,9.09
(synthetic) Indie / Alternative,PTP,1,18.0,18.0
(synthetic) Indie / Alternative,tricot,1,18.0,18.0
(synthetic) Indie / Alternative,Bokit Production,1,17.71,17.71
(synthetic) Indie / Alternative,Eva Geist,1,17.71,17.71
(synthetic) Indie / Alternative,Highko,1,17.71,17.71
(synthetic) Indie / Alternative,No Aloha Records,1,17.71,17.71
(synthetic) Indie / Alternative,marcello sahea,1,17.71,17.71
(synthetic) Indie / Alternative,צו השעה,1,17.66,17.66
(synthetic) Indie / Alternative,Astari Nite,4,17.0,4.25
(synthetic) Indie / Alternative,Bellows,1,17.0,17.0
(synthetic) Indie / Alternative,"Bedouine, Waxahatchee, Hurray for the Riff Raff",7,16.75,2.39
(synthetic) Indie / Alternative,"Anemone Tube, Jarl & Monocube",1,16.52,16.52
(synthetic) Indie / Alternative,Unreqvited,1,16.41,16.41
(synthetic) Indie / Alternative,REZN,2,16.0,8.0
(synthetic) Indie / Alternative,Absinth3,7,15.97,2.28
(synthetic) Indie / Alternative,Anemone Tube,1,15.93,15.93
(synthetic) Indie / Alternative,Mike Millrain,2,15.6,7.8
(synthetic) Indie / Alternative,Garefowl,1,15.59,15.59
(synthetic) Indie / Alternative,Indian Wells,1,15.59,15.59
(synthetic) Indie / Alternative,Desolator,1,15.34,15.34
(synthetic) Indie / Alternative,HEAVY PSYCH SOUNDS Records,1,15.34,15.34
(synthetic) Indie / Alternative,Incident Prism,3,15.33,5.11
(synthetic) Indie / Alternative,Thousand Islands Records,1,15.2,15.2
(synthetic) Indie / Alternative,Totalement Sublime,1,15.19,15.19
(synthetic) Indie / Alternative,Equipment,1,15.0,15.0
(synthetic) Indie / Alternative,Keith Fullerton Whitman,1,15.0,15.0
(synthetic) Indie / Alternative,Lifes,1,15.0,15.0
(synthetic) Indie / Alternative,Miriah Avila,1,15.0,15.0
(synthetic) Indie / Alternative,POWER TRIP,1,15.0,15.0
(synthetic) Indie / Alternative,RAGANA,1,15.0,15.0
(synthetic) Indie / Alternative,Tim Baltes,1,15.0,15.0
(synthetic) Indie / Alternative,Washed Out,1,15.0,15.0
(synthetic) Indie / Alternative,Kurt Baker,1,14.99,14.99
(synthetic) Indie / Alternative,Mephiskapheles,1,14.4,14.4
(synthetic) Indie / Alternative,Ellenor Vora,3,14.16,4.72
(synthetic) Indie / Alternative,Phase Fatale,2,14.16,7.08
(synthetic) Indie / Alternative,Scuderia,1,14.16,14.16
(synthetic) Indie / Alternative,Ana Roxanne,1,14.0,14.0
(synthetic) Indie / Alternative,Fadi Tabbal,1,14.0,14.0
(synthetic) Indie / Alternative,Kutiman,2,14.0,7.0
(synthetic) Indie / Alternative,DJ SWISHA,2,13.0,6.5
(synthetic) Indie / Alternative,Euth,1,13.0,13.0
(synthetic) Indie / Alternative,NET GALA,1,13.0,13.0
(synthetic) Indie / Alternative,she,2,13.0,6.5
(synthetic) Indie / Alternative,Baba Naga,1,12.99,12.99
(synthetic) Indie / Alternative,Bad Elephant Music,1,12.99,12.99
(synthetic) Indie / Alternative,Binbag Wisdom,1,12.99,12.99
(synthetic) Indie / Alternative,Emmy The Great,1,12.99,12.99
(synthetic) Indie / Alternative,Khruangbin,1,12.99,12.99
(synthetic) Indie / Alternative,MNLTH,1,12.99,12.99
(synthetic) Indie / Alternative,Melanie De Biasio,1,12.99,12.99
(synthetic) Indie / Alternative,Soul Mass Transit System & Killa P,1,12.99,12.99
(synthetic) Indie / Alternative,Sully,1,12.99,12.99
(synthetic) Indie / Alternative,The Lunar Effect,1,12.99,12.99
(synthetic) Indie / Alternative,The Midnight,1,12.99,12.99
(synthetic) Indie / Alternative,Throwing Muses,1,12.99,12.99
(synthetic) Indie / Alternative,Unleash The Archers,1,12.99,12.99
(synthetic) Indie / Alternative,Vanishing Twin,1,12.99,12.99
(synthetic) Indie / Alternative,Dying Victims Productions,1,12.98,12.98
(synthetic) Indie / Alternative,WHITE NOISE TV,1,12.39,12.39
(synthetic) Indie / Alternative,Brainoil,1,12.0,12.0
(synthetic) Indie / Alternative,Brian Grainger,1,12.0,12.0
(synthetic) Indie / Alternative,Emily A. Sprague,1,12.0,12.0
(synthetic) Indie / Alternative,Harpsona,2,12.0,6.0
(synthetic) Indie / Alternative,Haunt,1,12.0,12.0
(synthetic) Indie / Alternative,Julian Lynch,1,12.0,12.0
(synthetic) Indie / Alternative,Land of Kush,1,12.0,12.0
(synthetic) Indie / Alternative,Lena Raine,1,12.0,12.0
(synthetic) Indie / Alternative,Michael Nau,1,12.0,12.0
(synthetic) Indie / Alternative,Neurosis,1,12.0,12.0
(synthetic) Indie / Alternative,Skeleton Birds,1,12.0,12.0
(synthetic) Indie / Alternative,Sylvan Esso,1,12.0,12.0
(synthetic) Indie / Alternative,Völur,2,12.0,6.0
(synthetic) Indie / Alternative,Battlelore,1,11.8,11.8
(synthetic) Indie / Alternative,Claus Comedi,1,11.8,11.8
(synthetic) Indie / Alternative,DJ Tennis,1,11.8,11.8
(synthetic) Indie / Alternative,Hada,1,11.8,11.8
(synthetic) Indie / Alternative,Linea Aspera,1,11.8,11.8
(synthetic) Indie / Alternative,M!R!M,1,11.8,11.8
(synthetic) Indie / Alternative,Manticora,1,11.8,11.8
(synthetic) Indie / Alternative,Ociya,1,11.8,11.8
(synthetic) Indie / Alternative,Raver Raver,1,11.8,11.8
(synthetic) Indie / Alternative,Shed,1,11.8,11.8
(synthetic) Indie / Alternative,unhappybirthday,1,11.8,11.8
(synthetic) Indie / Alternative,Jaymie Silk,1,11.79,11.79
(synthetic) Indie / Alternative,Louis La Roche,1,11.69,11.69
(synthetic) Indie / Alternative,Marker Starling,1,11.69,11.69
(synthetic) Indie / Alternative,追憶サーキット,2,11.29,5.64
(synthetic) Indie / Alternative,Assemblage 23,1,11.0,11.0
(synthetic) Indie / Alternative,Droid Bishop,1,11.0,11.0
(synthetic) Indie / Alternative,SC-ONE Official,1,11.0,11.0
(synthetic) Indie / Alternative,Trevor Hall,1,11.0,11.0
(synthetic) Indie / Alternative,WET TUNA,1,11.0,11.0
(synthetic) Indie / Alternative,Conan Liquid,5,10.92,2.18
(synthetic) Indie / Alternative,"Antoine Berjeaut, Makaya McCraven",1,10.62,10.62
(synthetic) Indie / Alternative,Artists From Nowhere,1,10.62,10.62
(synthetic) Indie / Alternative,Bruce Brubaker & Max Cooper,1,10.62,10.62
(synthetic) Indie / Alternative,Mocky,1,10.62,10.62
(synthetic) Indie / Alternative,"Underground Canopy, Bluestaeb, S. Fidelity",1,10.62,10.62
(synthetic) Indie / Alternative,Allysha Joy,1,10.39,10.39
(synthetic) Indie / Alternative,"Fede Lng, Byron The Aquarius",1,10.39,10.39
(synthetic) Indie / Alternative,Gazelle Twin,1,10.39,10.39
(synthetic) Indie / Alternative,Hey Colossus,1,10.39,10.39
(synthetic) Indie / Alternative,Luke Abbott,1,10.39,10.39
(synthetic) Indie / Alternative,Mungo's Hi Fi x Marina P,1,10.39,10.39
(synthetic) Indie / Alternative,Simon Posford,1,10.39,10.39
(synthetic) Indie / Alternative,Torme,1,10.39,10.39
(synthetic) Indie / Alternative,Ut,1,10.39,10.39
(synthetic) Indie / Alternative,Bas Mooy,1,10.03,10.03
(synthetic) Indie / Alternative,Charlton,1,10.03,10.03
(synthetic) Indie / Alternative,Cookin Soul,2,10.03,5.01
(synthetic) Indie / Alternative,Dimi Angélis,1,10.03,10.03
(synthetic) Indie / Alternative,Echologist,1,10.03,10.03
(synthetic) Indie / Alternative,Forward Strategy Group,1,10.03,10.03
(synthetic) Indie / Alternative,Haeken,1,10.03,10.03
(synthetic) Indie / Alternative,Lag,1,10.03,10.03
(synthetic) Indie / Alternative,Lockertmatik,1,10.03,10.03
(synthetic) Indie / Alternative,P.E.A.R.L.,1,10.03,10.03
(synthetic) Indie / Alternative,SHXCXCHCXSH,1,10.03,10.03
(synthetic) Indie / Alternative,VSK,1,10.03,10.03
(synthetic) Indie / Alternative,BEAU WANZER,1,10.0,10.0
(synthetic) Indie / Alternative,Belle Isle Balearic,1,10.0,10.0
(synthetic) Indie / Alternative,Bill Pohl,1,10.0,10.0
(synthetic) Indie / Alternative,Black Marble,1,10.0,10.0
(synthetic) Indie / Alternative,Blockhead,1,10.0,10.0
(synthetic) Indie / Alternative,Bloodshot Records,1,10.0,10.0
(synthetic) Indie / Alternative,Blu & Exile,1,10.0,10.0
(synthetic) Indie / Alternative,Chongo,1,10.0,10.0
(synthetic) Indie / Alternative,Chris Suarez,1,10.0,10.0
(synthetic) Indie / Alternative,Curt Kennedy,1,10.0,10.0
(synthetic) Indie / Alternative,D-STYLES,1,10.0,10.0
(synthetic) Indie / Alternative,Desert In Me,1,10.0,10.0
(synthetic) Indie / Alternative,E-MANTRA (old account),1,10.0,10.0
(synthetic) Indie / Alternative,Free Music,1,10.0,10.0
(synthetic) Indie / Alternative,HIERONYMUS BOGS,1,10.0,10.0
(synthetic) Indie / Alternative,HYVMINE,1,10.0,10.0
(synthetic) Indie / Alternative,Jason Isbell and the 400 Unit,1,10.0,10.0
(synthetic) Indie / Alternative,Jeremiah Cymerman,1,10.0,10.0
(synthetic) Indie / Alternative,Joan Shelley,1,10.0,10.0
(synthetic) Indie / Alternative,Joey Weisenberg & The Hadar Ensemble,1,10.0,10.0
(synthetic) Indie / Alternative,KIND,1,10.0,10.0
(synthetic) Indie / Alternative,Kllo,1,10.0,10.0
(synthetic) Indie / Alternative,Knxwledge.,1,10.0,10.0
(synthetic) Indie / Alternative,Leo Shannon,1,10.0,10.0
(synthetic) Indie / Alternative,Nick Hempton,1,10.0,10.0
(synthetic) Indie / Alternative,Sean Schafianski,1,10.0,10.0
(synthetic) Indie / Alternative,"Sheila Rickards, King Tubby, Prince Philip,  The Aggrovators.",1,10.0,10.0
(synthetic) Indie / Alternative,"Sleep Sinatra, Killer Kane",1,10.0,10.0
(synthetic) Indie / Alternative,Stas Thee Boss,1,10.0,10.0
(synthetic) Indie / Alternative,THE XAV,1,10.0,10.0
(synthetic) Indie / Alternative,Voida,1,10.0,10.0
(synthetic) Indie / Alternative,Whitechapel,1,10.0,10.0
(synthetic) Indie / Alternative,York Factory Complaint,2,10.0,5.0
(synthetic) Indie / Alternative,Zora Jones,1,10.0,10.0
(synthetic) Indie / Alternative,wristroll,1,10.0,10.0
(synthetic) Indie / Alternative,Girl Band,1,9.99,9.99
(synthetic) Indie / Alternative,Shirley Collins,1,9.99,9.99
(synthetic) Indie / Alternative,Anne Reburn,4,9.5,2.38
(synthetic) Indie / Alternative,"The Farmers, KonsNix, Heninspace",1,9.44,9.44
(synthetic) Indie / Alternative,YEAR OF NO LIGHT,1,9.44,9.44
(synthetic) Indie / Alternative,Anz,1,9.09,9.09
(synthetic) Indie / Alternative,BADBADNOTGOOD,1,9.09,9.09
(synthetic) Indie / Alternative,Bab L' Bluz,1,9.09,9.09
(synthetic) Indie / Alternative,European Sun,1,9.09,9.09
(synthetic) Indie / Alternative,Malojian,1,9.09,9.09
(synthetic) Indie / Alternative,Rupert Oxlade,1,9.09,9.09
(synthetic) Indie / Alternative,The Ochre,1,9.09,9.09
(synthetic) Indie / Alternative,dead pirates,1,9.09,9.09
(synthetic) Indie / Alternative,Anna McClellan,1,9.0,9.0
(synthetic) Indie / Alternative,Cormorant,1,9.0,9.0
(synthetic) Indie / Alternative,ElPeche,1,9.0,9.0
(synthetic) Indie / Alternative,Flasher,2,9.0,4.5
(synthetic) Indie / Alternative,Georgia Anne Muldrow,1,9.0,9.0
(synthetic) Indie / Alternative,Karkhana,1,9.0,9.0
(synthetic) Indie / Alternative,Makaya McCraven,1,9.0,9.0
(synthetic) Indie / Alternative,No Age,1,9.0,9.0
(synthetic) Indie / Alternative,Stars of the Lid / John McCafferty,1,9.0,9.0
(synthetic) Indie / Alternative,War On Women,1,9.0,9.0
(synthetic) Indie / Alternative,Forbidden Place Records,1,8.99,8.99
(synthetic) Indie / Alternative,K Mouta,6,8.61,1.43
(synthetic) Indie / Alternative,Pé,1,8.5,8.5
(synthetic) Indie / Alternative,Alessandro Adriani,1,8.26,8.26
(synthetic) Indie / Alternative,EVITCELES,1,8.26,8.26
(synthetic) Indie / Alternative,Fungi,1,8.26,8.26
(synthetic) Indie / Alternative,Intercepting Pattern,1,8.26,8.26
(synthetic) Indie / Alternative,Katavasia,1,8.26,8.26
(synthetic) Indie / Alternative,Neural Cave,1,8.26,8.26
(synthetic) Indie / Alternative,Old Tower,1,8.26,8.26
(synthetic) Indie / Alternative,Ulver,1,8.26,8.26
(synthetic) Indie / Alternative,Carnivorous Bells,1,8.0,8.0
(synthetic) Indie / Alternative,Gloga,4,8.0,2.0
(synthetic) Indie / Alternative,Hardy Fox,1,8.0,8.0
(synthetic) Indie / Alternative,The Mountain Goats,1,8.0,8.0
(synthetic) Indie / Alternative,Akhlys,1,7.86,7.86
(synthetic) Indie / Alternative,Earth Boys,1,7.8,7.8
(synthetic) Indie / Alternative,c64 (of Dual Core),1,7.8,7.8
(synthetic) Indie / Alternative,Bufiman,1,7.67,7.67
(synthetic) Indie / Alternative,Moustache Records,1,7.67,7.67
(synthetic) Indie / Alternative,Dominique Fils-Aimé,1,7.6,7.6
(synthetic) Indie / Alternative,Prieur&Landry,1,7.6,7.6
(synthetic) Indie / Alternative,Wills Dissolve,2,7.6,3.8
(synthetic) Indie / Alternative,wint,3,7.52,2.51
(synthetic) Indie / Alternative,ПЛАМЕНЬ (PLAMEN),1,7.29,7.29
(synthetic) Indie / Alternative,The Blindside,1,7.27,7.27
(synthetic) Indie / Alternative,Ciel,1,7.15,7.15
(synthetic) Indie / Alternative,"Arutani, Acud, Brigade",1,7.08,7.08
(synthetic) Indie / Alternative,Aspetuck,1,7.08,7.08
(synthetic) Indie / Alternative,BTK (Bind Torture Kill),2,7.08,3.54
(synthetic) Indie / Alternative,Bliss Inc.,1,7.08,7.08
(synthetic) Indie / Alternative,Fky,2,7.08,3.54
(synthetic) Indie / Alternative,King Midas Sound,1,7.08,7.08
(synthetic) Indie / Alternative,Kollektiv.Liebe e.V.,1,7.08,7.08
(synthetic) Indie / Alternative,Shackleton/Zimpel,1,7.08,7.08
(synthetic) Indie / Alternative,YokoO,1,7.08,7.08
(synthetic) Indie / Alternative,"100 gecs, Dylan Brady & Laura Les",1,7.0,7.0
(synthetic) Indie / Alternative,Anthony Ferraro,1,7.0,7.0
(synthetic) Indie / Alternative,Apis Malfiore,1,7.0,7.0
(synthetic) Indie / Alternative,Bitcevsky park,1,7.0,7.0
(synthetic) Indie / Alternative,David Nance,1,7.0,7.0
(synthetic) Indie / Alternative,Hauntologists,1,7.0,7.0
(synthetic) Indie / Alternative,Horse Torso,1,7.0,7.0
(synthetic) Indie / Alternative,Houndsteeth,1,7.0,7.0
(synthetic) Indie / Alternative,Invincible Force,1,7.0,7.0
(synthetic) Indie / Alternative,King Most,1,7.0,7.0
(synthetic) Indie / Alternative,Looks Realistic,1,7.0,7.0
(synthetic) Indie / Alternative,Mossferatu,1,7.0,7.0
(synthetic) Indie / Alternative,Porya Hatami,1,7.0,7.0
(synthetic) Indie / Alternative,Professor Genius,1,7.0,7.0
(synthetic) Indie / Alternative,Sadhu Sensi,1,7.0,7.0
(synthetic) Indie / Alternative,Sineo & Kuddy Le Blanc,1,7.0,7.0
(synthetic) Indie / Alternative,The Halo Benders,1,7.0,7.0
(synthetic) Indie / Alternative,The Mission,1,7.0,7.0
(synthetic) Indie / Alternative,dj mOma,1,7.0,7.0
(synthetic) Indie / Alternative,thistle street,2,7.0,3.5
(synthetic) Indie / Alternative,cannibal,1,6.99,6.99
(synthetic) Indie / Alternative,Wayfarer,1,6.84,6.84
(synthetic) Indie / Alternative,Suit of Lights,1,6.75,6.75
(synthetic) Indie / Alternative,AJJ,1,6.66,6.66
(synthetic) Indie / Alternative,ROMASA,1,6.66,6.66
(synthetic) Indie / Alternative,Mikołaj Trzaska,1,6.65,6.65
(synthetic) Indie / Alternative,CREEPOUT,1,6.59,6.59
(synthetic) Indie / Alternative,Baby Rollén & Gallegos,1,6.5,6.5
(synthetic) Indie / Alternative,Black Merlin,1,6.5,6.5
(synthetic) Indie / Alternative,Cults,1,6.5,6.5
(synthetic) Indie / Alternative,Harold Budd,1,6.5,6.5
(synthetic) Indie / Alternative,Home Counties,1,6.5,6.5
(synthetic) Indie / Alternative,Modern Technology,1,6.5,6.5
(synthetic) Indie / Alternative,OPOLOPO,1,6.5,6.5
(synthetic) Indie / Alternative,Songs for Supper,1,6.5,6.5
(synthetic) Indie / Alternative,Trinity Carbon,1,6.5,6.5
(synthetic) Indie / Alternative,Mansur Brown,1,6.48,6.48
(synthetic) Indie / Alternative,Gabriel Rei,1,6.08,6.08
(synthetic) Indie / Alternative,Bluetech,1,6.0,6.0
(synthetic) Indie / Alternative,Bottom Bracket,1,6.0,6.0
(synthetic) Indie / Alternative,Jay Tholen,1,6.0,6.0
(synthetic) Indie / Alternative,MTR Project,1,6.0,6.0
(synthetic) Indie / Alternative,Miche Fambro,2,6.0,3.0
(synthetic) Indie / Alternative,Paul Matthew Moore,1,6.0,6.0
(synthetic) Indie / Alternative,Xoth,1,6.0,6.0
(synthetic) Indie / Alternative,Attic Salt,1,5.99,5.99
(synthetic) Indie / Alternative,Asquith,1,5.9,5.9
(synthetic) Indie / Alternative,Axefield,1,5.9,5.9
(synthetic) Indie / Alternative,Bada-Bada,1,5.9,5.9
(synthetic) Indie / Alternative,DJ Charme,1,5.9,5.9
(synthetic) Indie / Alternative,De La Cuna A La Tumba,1,5.9,5.9
(synthetic) Indie / Alternative,December,1,5.9,5.9
(synthetic) Indie / Alternative,Dixia Sirong & O'Hana,1,5.9,5.9
(synthetic) Indie / Alternative,Megane Mercury,1,5.9,5.9
(synthetic) Indie / Alternative,Nice Girl,1,5.9,5.9
(synthetic) Indie / Alternative,VA,1,5.9,5.9
(synthetic) Indie / Alternative,Yagya,1,5.9,5.9
(synthetic) Indie / Alternative,沙漠鱿鱼,1,5.9,5.9
(synthetic) Indie / Alternative,Reso,2,5.85,2.92
(synthetic) Indie / Alternative,Black Valley,1,5.7,5.7
(synthetic) Indie / Alternative,Jay Diggs,3,5.69,1.9
(synthetic) Indie / Alternative,Moodymann,1,5.67,5.67
(synthetic) Indie / Alternative,Tall Black Guy,2,5.6,2.8
(synthetic) Indie / Alternative,Palissade,1,5.32,5.32
(synthetic) Indie / Alternative,Durbatuluk,1,5.31,5.31
(synthetic) Indie / Alternative,Gacha Bakradze,2,5.31,2.66
(synthetic) Indie / Alternative,Iro Aka,1,5.31,5.31
(synthetic) Indie / Alternative,Polygonia,1,5.31,5.31
(synthetic) Indie / Alternative,V/A,1,5.31,5.31
(synthetic) Indie / Alternative,catbeats,1,5.25,5.25
(synthetic) Indie / Alternative,Adam Pits,1,5.2,5.2
(synthetic) Indie / Alternative,Bedouin,2,5.2,2.6
(synthetic) Indie / Alternative,Forest Drive West,1,5.2,5.2
(synthetic) Indie / Alternative,Hooverian Blur,1,5.2,5.2
(synthetic) Indie / Alternative,Maru,1,5.2,5.2
(synthetic) Indie / Alternative,T++,1,5.2,5.2
(synthetic) Indie / Alternative,Small Engine Chorus,1,5.09,5.09
(synthetic) Indie / Alternative,Blau Blau,1,5.0,5.0
(synthetic) Indie / Alternative,Bliss Point,1,5.0,5.0
(synthetic) Indie / Alternative,Cloudkicker,1,5.0,5.0
(synthetic) Indie / Alternative,Concrete Moon Andrea Pensado Fake Trade Remnants Glass Path Magnetic Coroner,1,5.0,5.0
(synthetic) Indie / Alternative,Ellen Phan,1,5.0,5.0
(synthetic) Indie / Alternative,HOME,1,5.0,5.0
(synthetic) Indie / Alternative,Horror Squad,1,5.0,5.0
(synthetic) Indie / Alternative,LiL BiL,1,5.0,5.0
(synthetic) Indie / Alternative,Lionmilk & Mndsgn,1,5.0,5.0
(synthetic) Indie / Alternative,M. Klausman/P. Prezzano,1,5.0,5.0
(synthetic) Indie / Alternative,MALUCA & NGUZU,1,5.0,5.0
(synthetic) Indie / Alternative,PICTUREPLANE,1,5.0,5.0
(synthetic) Indie / Alternative,Persus Nine,1,5.0,5.0
(synthetic) Indie / Alternative,R.A.P. Ferreira,1,5.0,5.0
(synthetic) Indie / Alternative,SIMON LEBRON-MONSTER MANUAL LP,1,5.0,5.0
(synthetic) Indie / Alternative,TFS,1,5.0,5.0
(synthetic) Indie / Alternative,The Star Killers,1,5.0,5.0
(synthetic) Indie / Alternative,VALDUR,1,5.0,5.0
(synthetic) Indie / Alternative,William McCarthy,1,5.0,5.0
(synthetic) Indie / Alternative,[B.I.O-2],1,5.0,5.0
(synthetic) Indie / Alternative,clipping.,1,5.0,5.0
(synthetic) Indie / Alternative,vertigoaway,1,5.0,5.0
(synthetic) Indie / Alternative,LINGUA IGNOTA,3,4.99,1.66
(synthetic) Indie / Alternative,Mark Van Hoen,1,4.86,4.86
(synthetic) Indie / Alternative,Berg Audio,2,4.72,2.36
(synthetic) Indie / Alternative,Bind Torture Kill,1,4.72,4.72
(synthetic) Indie / Alternative,Cheise,1,4.72,4.72
(synthetic) Indie / Alternative,D-Echo Project,1,4.72,4.72
(synthetic) Indie / Alternative,"Highko, Selective MooD",1,4.72,4.72
(synthetic) Indie / Alternative,SHRED'ER,1,4.72,4.72
(synthetic) Indie / Alternative,Vonder,1,4.72,4.72
(synthetic) Indie / Alternative,natural/electronic.system.,1,4.72,4.72
(synthetic) Indie / Alternative,Conrad Schnitzler,1,4.71,4.71
(synthetic) Indie / Alternative,Dilly Dally,3,4.56,1.52
(synthetic) Indie / Alternative,LAB'S CLOUD,1,4.5,4.5
(synthetic) Indie / Alternative,LYDIA,1,4.5,4.5
(synthetic) Indie / Alternative,Sólveig Matthildur,3,4.5,1.5
(synthetic) Indie / Alternative,Too Many Zooz,2,4.5,2.25
(synthetic) Indie / Alternative,Rosa Anschütz,2,4.38,2.19
(synthetic) Indie / Alternative,Jon Jones,1,4.36,4.36
(synthetic) Indie / Alternative,International Observer,1,4.33,4.33
(synthetic) Indie / Alternative,Cindy,2,4.18,2.09
(synthetic) Indie / Alternative,Jeku,2,4.14,2.07
(synthetic) Indie / Alternative,Ballerina Black,1,4.0,4.0
(synthetic) Indie / Alternative,Burnt Tapes,1,4.0,4.0
(synthetic) Indie / Alternative,Renata Zeiguer,1,4.0,4.0
(synthetic) Indie / Alternative,Repeat Offender,1,4.0,4.0
(synthetic) Indie / Alternative,Tim Jordan,1,4.0,4.0
(synthetic) Indie / Alternative,wAgAwAgA,1,4.0,4.0
(synthetic) Indie / Alternative,Artificial Intelligence,1,3.9,3.9
(synthetic) Indie / Alternative,D-Ther,1,3.9,3.9
(synthetic) Indie / Alternative,Epoch,1,3.9,3.9
(synthetic) Indie / Alternative,Highrise,1,3.9,3.9
(synthetic) Indie / Alternative,Huntleys + Palmers,1,3.9,3.9
(synthetic) Indie / Alternative,Kryten,1,3.9,3.9
(synthetic) Indie / Alternative,Pierre Codarin,2,3.9,1.95
(synthetic) Indie / Alternative,Smoove & Turrell,2,3.9,1.95
(synthetic) Indie / Alternative,Nebula Music Group,1,3.88,3.88
(synthetic) Indie / Alternative,Fortune Cookie Club,1,3.8,3.8
(synthetic) Indie / Alternative,Précipices,1,3.8,3.8
(synthetic) Indie / Alternative,Tapes,1,3.77,3.77
(synthetic) Indie / Alternative,Hairy Mother Of God,1,3.64,3.64
(synthetic) Indie / Alternative,Anamorph,1,3.54,3.54
(synthetic) Indie / Alternative,Arthur Robert - AR,1,3.54,3.54
(synthetic) Indie / Alternative,Barker,1,3.54,3.54
(synthetic) Indie / Alternative,Detriti Records,1,3.54,3.54
(synthetic) Indie / Alternative,GORE GORE GAYS,1,3.54,3.54
(synthetic) Indie / Alternative,Isthisreality?,2,3.54,1.77
(synthetic) Indie / Alternative,Terence Fixmer,1,3.54,3.54
(synthetic) Indie / Alternative,Werkstatt Recordings,1,3.54,3.54
(synthetic) Indie / Alternative,girls pissing on girls pissing,1,3.34,3.34
(synthetic) Indie / Alternative,Orpheus Nine,1,3.33,3.33
(synthetic) Indie / Alternative,Mega City 2,1,3.25,3.25
(synthetic) Indie / Alternative,PanoSigma,2,3.19,1.59
(synthetic) Indie / Alternative,Be Svendsen,1,3.17,3.17
(synthetic) Indie / Alternative,INVT & Nick León,1,3.05,3.05
(synthetic) Indie / Alternative,Ruby,1,3.05,3.05
(synthetic) Indie / Alternative,Brandy,1,3.0,3.0
(synthetic) Indie / Alternative,DJ Nativesun,1,3.0,3.0
(synthetic) Indie / Alternative,Kutcorners,1,3.0,3.0
(synthetic) Indie / Alternative,Ryu Tsuruoka,1,3.0,3.0
(synthetic) Indie / Alternative,Summerless,1,3.0,3.0
(synthetic) Indie / Alternative,The Pendletons,1,3.0,3.0
(synthetic) Indie / Alternative,Artefakt,1,2.95,2.95
(synthetic) Indie / Alternative,DUB Musik,1,2.95,2.95
(synthetic) Indie / Alternative,Gene On Earth,1,2.95,2.95
(synthetic) Indie / Alternative,Opto = Opiate + Alva Noto,1,2.95,2.95
(synthetic) Indie / Alternative,Sam Goya,1,2.95,2.95
(synthetic) Indie / Alternative,Yair Levi,1,2.94,2.94
(synthetic) Indie / Alternative,HTRK,1,2.91,2.91
(synthetic) Indie / Alternative,Abdominal,1,2.6,2.6
(synthetic) Indie / Alternative,Alfa Mist,1,2.6,2.6
(synthetic) Indie / Alternative,Dom & Adred,1,2.6,2.6
(synthetic) Indie / Alternative,Fashion Queens,1,2.6,2.6
(synthetic) Indie / Alternative,Fixate,2,2.6,1.3
(synthetic) Indie / Alternative,Groovy Uncle,1,2.6,2.6
(synthetic) Indie / Alternative,Higgo,1,2.6,2.6
(synthetic) Indie / Alternative,Mark Pritchard,1,2.6,2.6
(synthetic) Indie / Alternative,Sofa Sound Bristol,1,2.6,2.6
(synthetic) Indie / Alternative,Tuluum Shimmering,1,2.6,2.6
(synthetic) Indie / Alternative,Sam & Jack Brickel,1,2.55,2.55
(synthetic) Indie / Alternative,Yialmelic Frequencies,1,2.5,2.5
(synthetic) Indie / Alternative,fusq,2,2.5,1.25
(synthetic) Indie / Alternative,Biga Yut,1,2.36,2.36
(synthetic) Indie / Alternative,DJ DOG,1,2.36,2.36
(synthetic) Indie / Alternative,DLV,1,2.36,2.36
(synthetic) Indie / Alternative,Death on the Balcony,1,2.36,2.36
(synthetic) Indie / Alternative,IMANU,1,2.36,2.36
(synthetic) Indie / Alternative,Jah Schulz,1,2.36,2.36
(synthetic) Indie / Alternative,Jam Master,1,2.36,2.36
(synthetic) Indie / Alternative,Krosia,2,2.36,1.18
(synthetic) Indie / Alternative,Luca Lozano,1,2.36,2.36
(synthetic) Indie / Alternative,Lyra Valenza,1,2.36,2.36
(synthetic) Indie / Alternative,Mr. Ho,1,2.36,2.36
(synthetic) Indie / Alternative,Mr. Ho + Mogwaa,1,2.36,2.36
(synthetic) Indie / Alternative,OPL,1,2.36,2.36
(synthetic) Indie / Alternative,SULLFUPPORT,1,2.36,2.36
(synthetic) Indie / Alternative,Seba & Manos,1,2.36,2.36
(synthetic) Indie / Alternative,Seph,1,2.36,2.36
(synthetic) Indie / Alternative,Soul Supreme,1,2.36,2.36
(synthetic) Indie / Alternative,Stussko,1,2.36,2.36
(synthetic) Indie / Alternative,Svreca,1,2.36,2.36
(synthetic) Indie / Alternative,Telephones,1,2.36,2.36
(synthetic) Indie / Alternative,Vj Silver,1,2.36,2.36
(synthetic) Indie / Alternative,Vladimir Gnatenko,1,2.36,2.36
(synthetic) Indie / Alternative,Zoi (CA),1,2.36,2.36
(synthetic) Indie / Alternative,Djeneba,1,2.35,2.35
(synthetic) Indie / Alternative,DappyTKeys,1,2.29,2.29
(synthetic) Indie / Alternative,Marvin Gaye vs. Beyoncé - Sexual boy ( Absolute remix ),1,2.22,2.22
(synthetic) Indie / Alternative,Suzi Quatro & Chris Norman - Stumblin in ( Absolute remix ),1,2.22,2.22
(synthetic) Indie / Alternative,Michal Jablonski,1,2.11,2.11
(synthetic) Indie / Alternative,Asmus Odsat,1,2.07,2.07
(synthetic) Indie / Alternative,Pusher,1,2.07,2.07
(synthetic) Indie / Alternative,Asllan,1,2.0,2.0
(synthetic) Indie / Alternative,Blushh,1,2.0,2.0
(synthetic) Indie / Alternative,Braintear Spookie,1,2.0,2.0
(synthetic) Indie / Alternative,CORBEN,1,2.0,2.0
(synthetic) Indie / Alternative,David Bars,1,2.0,2.0
(synthetic) Indie / Alternative,Dum Dum Girls,1,2.0,2.0
(synthetic) Indie / Alternative,"Felipe Felino, Rimon Guimarães",1,2.0,2.0
(synthetic) Indie / Alternative,Jill Scott,1,2.0,2.0
(synthetic) Indie / Alternative,Lightning Dust,1,2.0,2.0
(synthetic) Indie / Alternative,Lionmilk and Jon GK,1,2.0,2.0
(synthetic) Indie / Alternative,Live For You,1,2.0,2.0
(synthetic) Indie / Alternative,Mike MFN Love,1,2.0,2.0
(synthetic) Indie / Alternative,Nashville Covers,1,2.0,2.0
(synthetic) Indie / Alternative,Navy Blue,1,2.0,2.0
(synthetic) Indie / Alternative,Nervous Dater,1,2.0,2.0
(synthetic) Indie / Alternative,Sangnoksu,1,2.0,2.0
(synthetic) Indie / Alternative,Snuffed On Sight,1,2.0,2.0
(synthetic) Indie / Alternative,Soft Kill,1,2.0,2.0
(synthetic) Indie / Alternative,Speakeasy Electro Swing,1,2.0,2.0
(synthetic) Indie / Alternative,Steve Roach,2,2.0,1.0
(synthetic) Indie / Alternative,Street Play,1,2.0,2.0
(synthetic) Indie / Alternative,TH;EN x MANGO,1,2.0,2.0
(synthetic) Indie / Alternative,Zola Jesus,1,2.0,2.0
(synthetic) Indie / Alternative,hotmood,1,2.0,2.0
(synthetic) Indie / Alternative,SPT,1,1.99,1.99
(synthetic) Indie / Alternative,1-800 GIRLS,1,1.95,1.95
(synthetic) Indie / Alternative,Angel D'lite,1,1.95,1.95
(synthetic) Indie / Alternative,Berceuse Heroique,1,1.95,1.95
(synthetic) Indie / Alternative,Celtic Fiddle Music | Georgia Nettleton,1,1.95,1.95
(synthetic) Indie / Alternative,DJ Kane,1,1.95,1.95
(synthetic) Indie / Alternative,God Colony,1,1.95,1.95
(synthetic) Indie / Alternative,Lobec,1,1.95,1.95
(synthetic) Indie / Alternative,Meduza featuring SHELLS,1,1.95,1.95
(synthetic) Indie / Alternative,Shaun Escoffery,1,1.95,1.95
(synthetic) Indie / Alternative,Slam,1,1.95,1.95
(synthetic) Indie / Alternative,"Eluize (Night Tide, Bermuda Series)",1,1.89,1.89
(synthetic) Indie / Alternative,Bálint Boldizsár,3,1.82,0.61
(synthetic) Indie / Alternative,Blue Hour,1,1.77,1.77
(synthetic) Indie / Alternative,Brigade,1,1.77,1.77
(synthetic) Indie / Alternative,Christopher Joseph,1,1.77,1.77
(synthetic) Indie / Alternative,Cool Tiger,1,1.77,1.77
(synthetic) Indie / Alternative,DJ Chrysalis,1,1.77,1.77
(synthetic) Indie / Alternative,DJ TAKYON,1,1.77,1.77
(synthetic) Indie / Alternative,DJ МУДАК 2000,1,1.77,1.77
(synthetic) Indie / Alternative,Dixia Sirong,1,1.77,1.77
(synthetic) Indie / Alternative,Désaccord Majeur,1,1.77,1.77
(synthetic) Indie / Alternative,Exos & Ohm,1,1.77,1.77
(synthetic) Indie / Alternative,Homicid Records,1,1.77,1.77
(synthetic) Indie / Alternative,I:Cube,1,1.77,1.77
(synthetic) Indie / Alternative,Jacidorex,1,1.77,1.77
(synthetic) Indie / Alternative,Joep Mencke,1,1.77,1.77
(synthetic) Indie / Alternative,LUCKER,1,1.77,1.77
(synthetic) Indie / Alternative,Nigm,1,1.77,1.77
(synthetic) Indie / Alternative,Nikita Zabelin,1,1.77,1.77
(synthetic) Indie / Alternative,PTDD + MONTY,1,1.77,1.77
(synthetic) Indie / Alternative,Palavas,1,1.77,1.77
(synthetic) Indie / Alternative,Piezo,1,1.77,1.77
(synthetic) Indie / Alternative,Radu Guran,1,1.77,1.77
(synthetic) Indie / Alternative,Rompante,1,1.77,1.77
(synthetic) Indie / Alternative,Sahalé,2,1.77,0.89
(synthetic) Indie / Alternative,Spirit Shifter & Woobler,1,1.77,1.77
(synthetic) Indie / Alternative,UVB,1,1.77,1.77
(synthetic) Indie / Alternative,World Series,1,1.77,1.77
(synthetic) Indie / Alternative,dpcld,1,1.77,1.77
(synthetic) Indie / Alternative,Word Of Mouth,1,1.69,1.69
(synthetic) Indie / Alternative,SQUARELAB MUSIC,1,1.65,1.65
(synthetic) Indie / Alternative,ki ya tori,1,1.53,1.53
(synthetic) Indie / Alternative,AuroraX,1,1.5,1.5
(synthetic) Indie / Alternative,COSMIC DUST,1,1.5,1.5
(synthetic) Indie / Alternative,Darian,1,1.5,1.5
(synthetic) Indie / Alternative,Deepness Dawn,1,1.5,1.5
(synthetic) Indie / Alternative,Jack J,1,1.5,1.5
(synthetic) Indie / Alternative,Javier Marimon,1,1.5,1.5
(synthetic) Indie / Alternative,Justin Jay,1,1.5,1.5
(synthetic) Indie / Alternative,"Lucas Welle, Mele",1,1.5,1.5
(synthetic) Indie / Alternative,PRIMABOT,1,1.5,1.5
(synthetic) Indie / Alternative,ZERO THEORY,1,1.5,1.5
(synthetic) Indie / Alternative,Yair Levi & Shai Sol,1,1.47,1.47
(synthetic) Indie / Alternative,Erremita,1,1.45,1.45
(synthetic) Indie / Alternative,Ran Katan,1,1.45,1.45
(synthetic) Indie / Alternative,ArchivOne,1,1.42,1.42
(synthetic) Indie / Alternative,Fidde,1,1.42,1.42
(synthetic) Indie / Alternative,Audiopile,1,1.3,1.3
(synthetic) Indie / Alternative,Bee Gees,1,1.3,1.3
(synthetic) Indie / Alternative,Bing Satellites,1,1.3,1.3
(synthetic) Indie / Alternative,British Experimental Rocket Group (BERG),1,1.3,1.3
(synthetic) Indie / Alternative,DRS & Dynamite MC,1,1.3,1.3
(synthetic) Indie / Alternative,Darcie,1,1.3,1.3
(synthetic) Indie / Alternative,"Dogger, Mindstate, SP:MC",1,1.3,1.3
(synthetic) Indie / Alternative,EVOL,1,1.3,1.3
(synthetic) Indie / Alternative,GILA,1,1.3,1.3
(synthetic) Indie / Alternative,Gav Easby,1,1.3,1.3
(synthetic) Indie / Alternative,HAWXX,1,1.3,1.3
(synthetic) Indie / Alternative,Hypercube,1,1.3,1.3
(synthetic) Indie / Alternative,I Solar,1,1.3,1.3
(synthetic) Indie / Alternative,Jake Walker,1,1.3,1.3
(synthetic) Indie / Alternative,Jirah,1,1.3,1.3
(synthetic) Indie / Alternative,Kipper feat. Matt Maltese,1,1.3,1.3
(synthetic) Indie / Alternative,Konx-om-Pax,1,1.3,1.3
(synthetic) Indie / Alternative,Luke Sanger,1,1.3,1.3
(synthetic) Indie / Alternative,Mani Festo,1,1.3,1.3
(synthetic) Indie / Alternative,Matthew Laundro,1,1.3,1.3
(synthetic) Indie / Alternative,Mosca,1,1.3,1.3
(synthetic) Indie / Alternative,Pitch Black,1,1.3,1.3
(synthetic) Indie / Alternative,Point 7,1,1.3,1.3
(synthetic) Indie / Alternative,Swing & Bass,1,1.3,1.3
(synthetic) Indie / Alternative,The Caretaker,1,1.3,1.3
(synthetic) Indie / Alternative,Visionary Shamanics,1,1.3,1.3
(synthetic) Indie / Alternative,desert sand feels warm at night,1,1.3,1.3
(synthetic) Indie / Alternative,salute,1,1.3,1.3
(synthetic) Indie / Alternative,ALEX & Megan McDuffee,1,1.29,1.29
(synthetic) Indie / Alternative,Sofie,1,1.29,1.29
(synthetic) Indie / Alternative,M/\rc0s1d0,1,1.26,1.26
(synthetic) Indie / Alternative,Amnesia Scanner,1,1.18,1.18
(synthetic) Indie / Alternative,Aristide,1,1.18,1.18
(synthetic) Indie / Alternative,Balance Club/Culture Festival,1,1.18,1.18
(synthetic) Indie / Alternative,Bell Towers,1,1.18,1.18
(synthetic) Indie / Alternative,Chicos de Nazca,1,1.18,1.18
(synthetic) Indie / Alternative,Clown,1,1.18,1.18
(synthetic) Indie / Alternative,DORFMEISTER/MEGABLAST/OBERMAIER,1,1.18,1.18
(synthetic) Indie / Alternative,Damian Sanchez,1,1.18,1.18
(synthetic) Indie / Alternative,David Wenngren,1,1.18,1.18
(synthetic) Indie / Alternative,Digital Landscapes,1,1.18,1.18
(synthetic) Indie / Alternative,Genesis Breyer P-Orridge,1,1.18,1.18
(synthetic) Indie / Alternative,Ingus Baušķenieks,1,1.18,1.18
(synthetic) Indie / Alternative,Ishmael Cormack,1,1.18,1.18
(synthetic) Indie / Alternative,Major Ipnotic Key Institute,1,1.18,1.18
(synthetic) Indie / Alternative,Move D,1,1.18,1.18
(synthetic) Indie / Alternative,NYP Records,1,1.18,1.18
(synthetic) Indie / Alternative,Nepumuk,1,1.18,1.18
(synthetic) Indie / Alternative,Operentzia,1,1.18,1.18
(synthetic) Indie / Alternative,Paskal & Urban Absolutes,1,1.18,1.18
(synthetic) Indie / Alternative,Passarani,1,1.18,1.18
(synthetic) Indie / Alternative,RZ Muzik,1,1.18,1.18
(synthetic) Indie / Alternative,Spiral Trax,1,1.18,1.18
(synthetic) Indie / Alternative,T:Base,1,1.18,1.18
(synthetic) Indie / Alternative,The Boy Called Hedge,1,1.18,1.18
(synthetic) Indie / Alternative,UFO Hawaii,1,1.18,1.18
(synthetic) Indie / Alternative,Ugress,1,1.18,1.18
(synthetic) Indie / Alternative,WLDV,1,1.18,1.18
(synthetic) Indie / Alternative,betina quest ft Andrew Asare,1,1.18,1.18
(synthetic) Indie / Alternative,youANDme,1,1.18,1.18
(synthetic) Indie / Alternative,New Cool Collective,1,1.17,1.17
(synthetic) Indie / Alternative,ASTRAL WAVES,1,1.0,1.0
(synthetic) Indie / Alternative,Against All Logic,1,1.0,1.0
(synthetic) Indie / Alternative,Andavald,1,1.0,1.0
(synthetic) Indie / Alternative,Andrew Lowden,1,1.0,1.0
(synthetic) Indie / Alternative,Aqeel Aadam,1,1.0,1.0
(synthetic) Indie / Alternative,BUSDRIVER,1,1.0,1.0
(synthetic) Indie / Alternative,Bedouine,1,1.0,1.0
(synthetic) Indie / Alternative,Breathing Rainbow,1,1.0,1.0
(synthetic) Indie / Alternative,CLUB CAB,1,1.0,1.0
(synthetic) Indie / Alternative,COMA REGALIA,1,1.0,1.0
(synthetic) Indie / Alternative,Camille & Haley,1,1.0,1.0
(synthetic) Indie / Alternative,Colin Clary,1,1.0,1.0
(synthetic) Indie / Alternative,DARKNET,1,1.0,1.0
(synthetic) Indie / Alternative,DJU DJU,1,1.0,1.0
(synthetic) Indie / Alternative,Donnie & Joe Emerson,1,1.0,1.0
(synthetic) Indie / Alternative,Howie Lee,1,1.0,1.0
(synthetic) Indie / Alternative,I.M.D,1,1.0,1.0
(synthetic) Indie / Alternative,J.Rocc,1,1.0,1.0
(synthetic) Indie / Alternative,James Bangura,1,1.0,1.0
(synthetic) Indie / Alternative,Junkshopguru,1,1.0,1.0
(synthetic) Indie / Alternative,K-Effect,1,1.0,1.0
(synthetic) Indie / Alternative,Magic Sword & Droid Bishop,1,1.0,1.0
(synthetic) Indie / Alternative,Max Watts,1,1.0,1.0
(synthetic) Indie / Alternative,Merchandise feat. Dum Dum Girls,1,1.0,1.0
(synthetic) Indie / Alternative,Mike Montoya,1,1.0,1.0
(synthetic) Indie / Alternative,Moka Only,1,1.0,1.0
(synthetic) Indie / Alternative,Nahawa Doumbia,1,1.0,1.0
(synthetic) Indie / Alternative,North End Track Authority,1,1.0,1.0
(synthetic) Indie / Alternative,Orgone,1,1.0,1.0
(synthetic) Indie / Alternative,Origami Angel,1,1.0,1.0
(synthetic) Indie / Alternative,Plexi Music,1,1.0,1.0
(synthetic) Indie / Alternative,Prescott Minóy,1,1.0,1.0
(synthetic) Indie / Alternative,Rabbit Junk,1,1.0,1.0
(synthetic) Indie / Alternative,Reinventing Jude,1,1.0,1.0
(synthetic) Indie / Alternative,Rod Hamilton & Tiffany Seal,1,1.0,1.0
(synthetic) Indie / Alternative,Scarlet Season,1,1.0,1.0
(synthetic) Indie / Alternative,Scented Poultice,1,1.0,1.0
(synthetic) Indie / Alternative,Serena Gabriel  -  Steve Roach,1,1.0,1.0
(synthetic) Indie / Alternative,TEMPERS,1,1.0,1.0
(synthetic) Indie / Alternative,Ted Leo & Pharmacists,1,1.0,1.0
(synthetic) Indie / Alternative,The Rebel,1,1.0,1.0
(synthetic) Indie / Alternative,Vindsvept,1,1.0,1.0
(synthetic) Indie / Alternative,Voyage Futur,1,1.0,1.0
(synthetic) Indie / Alternative,Werendia,1,1.0,1.0
(synthetic) Indie / Alternative,carpet group recordings,1,1.0,1.0
(synthetic) Indie / Alternative,club joya,1,1.0,1.0
(synthetic) Indie / Alternative,kryten,1,1.0,1.0
(synthetic) Indie / Alternative,Joshua Burnside,1,0.99,0.99
(synthetic) Indie / Alternative,Spratleys Japs/ Panixphere,1,0.97,0.97
(synthetic) Indie / Alternative,mikrokosmos,1,0.97,0.97
(synthetic) Indie / Alternative,Victrola,1,0.93,0.93
(synthetic) Indie / Alternative,◊►≈,1,0.89,0.89
(synthetic) Indie / Alternative,Fiver,1,0.76,0.76
(synthetic) Indie / Alternative,Self-Cut Bangs,1,0.76,0.76
(synthetic) Indie / Alternative,Slingerland,1,0.76,0.76
(synthetic) Indie / Alternative,Eartheogen,1,0.73,0.73
(synthetic) Indie / Alternative,Rogue Cuts,1,0.73,0.73
(synthetic) Indie / Alternative,Wilson Tanner,1,0.73,0.73
(synthetic) Indie / Alternative,Limbs,1,0.65,0.65
(synthetic) Indie / Alternative,Pye Corner Audio,1,0.65,0.65
(synthetic) Indie / Alternative,Robodroid,1,0.65,0.65
(synthetic) Indie / Alternative,SELFHOOD,1,0.65,0.65
(synthetic) Indie / Alternative,DJ ZVONIMIR,1,0.59,0.59
(synthetic) Indie / Alternative,Dark Notes (Deviant Force Records),1,0.59,0.59
(synthetic) Indie / Alternative,Dublicator,1,0.59,0.59
(synthetic) Indie / Alternative,GARLABAN KLUB MUZiKK,1,0.59,0.59
(synthetic) Indie / Alternative,Oden & Fatzo,1,0.59,0.59
(synthetic) Indie / Alternative,Turbo Knight,1,0.59,0.59
(synthetic) Indie / Alternative,VIQ,1,0.59,0.59
(synthetic) Indie / Alternative,CelloJoe,1,0.5,0.5
(synthetic) Indie / Alternative,Krs.,1,0.5,0.5
(synthetic) Indie / Alternative,Vocallective Records,1,0.5,0.5
(synthetic) Indie / Alternative,B FROM E,1,0.4,0.4
(synthetic) Indie / Alternative,Drumwork,1,0.32,0.32
(synthetic) Indie / Alternative,Octave,1,0.3,0.3
(synthetic) Indie / Alternative,RAWAR,1,0.3,0.3
