Artist_ID,Nama_Artis,Primary_Genre
ART-08BDE1AC,Girl Band,Indie / Alternative
ART-A1C6EC60,Jirah,Indie / Alternative
ART-48DFDF52,D-Ther,Indie / Alternative
ART-8088FA59,WHITE NOISE TV,Indie / Alternative
ART-7AC5CA41,LINGUA IGNOTA,Indie / Alternative
ART-D8C5EBED,Sofie,Indie / Alternative
ART-CFEC435C,Plexi Music,Indie / Alternative
ART-1FC7E102,Harold Budd,Indie / Alternative
ART-06D701B8,Djeneba,Indie / Alternative
ART-73D37961,Amanda Palmer & Rhiannon Giddens,Indie / Alternative
ART-DAA473B1,The Ochre,Indie / Alternative
ART-8CF2879F,Cookin Soul,Indie / Alternative
ART-28D4D412,Zoi (CA),Indie / Alternative
ART-29A90BF1,SPT,Indie / Alternative
ART-7065C618,Death on the Balcony,Indie / Alternative
ART-777AAE29,Darcie,Indie / Alternative
ART-CC4FA7E6,"Sheila Rickards, King Tubby, Prince Philip,  The Aggrovators.",Indie / Alternative
ART-8F7DA2C8,Unreqvited,Indie / Alternative
ART-A9D098D4,Gloga,Indie / Alternative
ART-81FBEAE1,Flasher,Indie / Alternative
ART-BDCCDD5B,Ciel,Indie / Alternative
ART-A7745C3F,BCee & Charlotte Haining,Indie / Alternative
ART-83D95028,Mike Montoya,Indie / Alternative
ART-F592FAD5,Brian Grainger,Indie / Alternative
ART-991A6DE9,Blau Blau,Indie / Alternative
ART-B5A275FD,Mogwai,Indie / Alternative
ART-09DBD3DC,TV Girl,Indie / Alternative
ART-376D34EF,Ryu Tsuruoka,Indie / Alternative
ART-3DC81139,Stars of the Lid / John McCafferty,Indie / Alternative
ART-ED6EAC18,Nubya Garcia,Indie / Alternative
ART-C861B188,RAGANA,Indie / Alternative
ART-8DDF025C,Smarts,Indie / Alternative
ART-24DC96E3,Shlohmo,Indie / Alternative
ART-DFA95A98,The Mountain Goats,Indie / Alternative
ART-7F38926E,Parde Grilon,Indie / Alternative
ART-40358C2B,Bee Gees,Indie / Alternative
ART-92F7D0FE,Dj Kmell,Indie / Alternative
ART-72171BB9,The Dandy Warhols,Indie / Alternative
ART-CFA2B5C4,Mandolin Orange,Indie / Alternative
ART-9C79AF85,Astari Nite,Indie / Alternative
ART-D6C7FC87,God Colony,Indie / Alternative
ART-89FD9E3C,Conan Liquid,Indie / Alternative
ART-3FC1CDFB,Alan Braufman,Indie / Alternative
ART-7EEF34D0,Gacha Bakradze,Indie / Alternative
ART-9DEB1288,chris gs,Indie / Alternative
ART-63735DAE,Chuwanaga,Indie / Alternative
ART-066F2EF8,M. Klausman/P. Prezzano,Indie / Alternative
ART-82E7A1AB,The White Swan,Indie / Alternative
ART-6CC45D8F,CREEPOUT,Indie / Alternative
ART-E1B97CBD,Lyra Valenza,Indie / Alternative
ART-A941BD69,David Wenngren,Indie / Alternative
ART-FA5ADFF4,Rod Hamilton & Tiffany Seal,Indie / Alternative
ART-27E4CAB0,Andavald,Indie / Alternative
ART-611A6628,K Mouta,Indie / Alternative
ART-653E40CB,Isthisreality?,Indie / Alternative
ART-0670A13A,Spratleys Japs/ Panixphere,Indie / Alternative
ART-074C5A6B,Voyage Futur,Indie / Alternative
ART-ABBEE0C5,"Barry ""Epoch"" Topping",Indie / Alternative
ART-70103038,Cool Tiger,Indie / Alternative
ART-506FF520,Lionmilk and Jon GK,Indie / Alternative
ART-BF6ABD77,AJJ,Indie / Alternative
ART-F7121D68,Asmus Odsat,Indie / Alternative
ART-F9535C59,Shaun Escoffery,Indie / Alternative
ART-6937F02D,LUCKER,Indie / Alternative
ART-B53A7172,Xoth,Indie / Alternative
ART-C218D7ED,Anthony Ferraro,Indie / Alternative
ART-51C718C5,Deep Sea Diver,Indie / Alternative
ART-9BB4BFB9,Chongo,Indie / Alternative
ART-BA597EB0,Chromeo,Indie / Alternative
ART-9FA33426,Horror Squad,Indie / Alternative
ART-F299F4F1,Matthew Laundro,Indie / Alternative
ART-41DB4E72,Yialmelic Frequencies,Indie / Alternative
ART-9BD687F7,Lionmilk & Mndsgn,Indie / Alternative
ART-97366F2A,Rogue Cuts,Indie / Alternative
ART-20BECDEE,Tuluum Shimmering,Indie / Alternative
ART-7314934F,Fabio Orsi,Indie / Alternative
ART-8627395E,Bella Lune,Indie / Alternative
ART-B64F9480,King Midas Sound,Indie / Alternative
ART-10311DF5,Assemblage 23,Indie / Alternative
ART-BBFB94FA,Desert In Me,Indie / Alternative
ART-B9500F36,Bedouin,Indie / Alternative
ART-D2EF3589,"Sleep Sinatra, Killer Kane",Indie / Alternative
ART-9F575892,YokoO,Indie / Alternative
ART-46BB189D,MALUCA & NGUZU,Indie / Alternative
ART-C94686BB,Unleash The Archers,Indie / Alternative
ART-7504FD8B,Emily A. Sprague,Indie / Alternative
ART-B316514C,Anamorph,Indie / Alternative
ART-B4A204F0,Word Of Mouth,Indie / Alternative
ART-A9F8690D,Braintear Spookie,Indie / Alternative
ART-06B9638E,BTK (Bind Torture Kill),Indie / Alternative
ART-A0CC8171,Bind Torture Kill,Indie / Alternative
ART-3AB2D081,Shirley Collins,Indie / Alternative
ART-DE181B83,dead pirates,Indie / Alternative
ART-139C423E,Eva Geist,Indie / Alternative
ART-F13D2886,"The Farmers, KonsNix, Heninspace",Indie / Alternative
ART-04A6B7D3,DJ SWISHA,Indie / Alternative
ART-5C97CFE0,Sam Goya,Indie / Alternative
ART-36357C55,SHRED'ER,Indie / Alternative
ART-9E208DF5,"James Landino, Funk Fiction, Falk Au Yeong, Andy Tunstall",Indie / Alternative
ART-9FA8C926,Mega City 2,Indie / Alternative
ART-2CE66097,DUB Musik,Indie / Alternative
ART-49A92700,Nashville Covers,Indie / Alternative
ART-7D5623E6,Leo Shannon,Indie / Alternative
ART-13722E4E,Sangnoksu,Indie / Alternative
ART-6EAD97BD,SELFHOOD,Indie / Alternative
ART-3DC7F023,King Most,Indie / Alternative
ART-53FDC40B,Vanishing Twin,Indie / Alternative
ART-A5B7EBAB,"Bedouine, Waxahatchee, Hurray for the Riff Raff",Indie / Alternative
ART-5C264CD9,Bottom Bracket,Indie / Alternative
ART-2827EFA3,HYVMINE,Indie / Alternative
ART-29506A1C,Zora Jones,Indie / Alternative
ART-6ECE027E,GARLABAN KLUB MUZiKK,Indie / Alternative
ART-A3F16708,DJ Nativesun,Indie / Alternative
ART-9EC3D71B,Oden & Fatzo,Indie / Alternative
ART-A072C9D9,Garefowl,Indie / Alternative
ART-8237D94B,SC-ONE Official,Indie / Alternative
ART-F22794F6,Various,Indie / Alternative
ART-BAE7C793,wint,Indie / Alternative
ART-7401C1F2,Javier Marimon,Indie / Alternative
ART-7A927349,Jaymie Silk,Indie / Alternative
ART-0486C50B,Various Artists,Indie / Alternative
ART-963C9BC5,Pé,Indie / Alternative
ART-349DA9D2,Necrot,Indie / Alternative
ART-DC07AC4D,Spirit Shifter & Woobler,Indie / Alternative
ART-7230EA46,追憶サーキット,Indie / Alternative
ART-4C614198,Voida,Indie / Alternative
ART-89806A1D,Alfa Mist,Indie / Alternative
ART-942FAEEB,Aristide,Indie / Alternative
ART-93B90736,Fky,Indie / Alternative
ART-178EA9D4,Telephones,Indie / Alternative
ART-FFFD84C9,Emmy The Great,Indie / Alternative
ART-26EB33DF,Suit of Lights,Indie / Alternative
ART-2068511C,Khruangbin,Indie / Alternative
ART-0B1E7871,Karkhana,Indie / Alternative
ART-58CBF2EE,ПЛАМЕНЬ (PLAMEN),Indie / Alternative
ART-EBB7FDBA,Simon Posford,Indie / Alternative
ART-64C57997,Contours & Yadava,Indie / Alternative
ART-6F6A28DE,Homicid Records,Indie / Alternative
ART-AD69E052,Turbo Knight,Indie / Alternative
ART-A940DE94,Technopsis,Indie / Alternative
ART-43A301C2,VIQ,Indie / Alternative
ART-07CD6E6D,Mephiskapheles,Indie / Alternative
ART-83F45D01,Sergeant Thunderhoof,Indie / Alternative
ART-DFB625D7,Paskal & Urban Absolutes,Indie / Alternative
ART-019AE7EC,Mungo's Hi Fi x Marina P,Indie / Alternative
ART-F21C2E07,Krosia,Indie / Alternative
ART-A00E8F7F,Renata Zeiguer,Indie / Alternative
ART-D74BD0B0,TFS,Indie / Alternative
ART-AFA882AC,Durbatuluk,Indie / Alternative
ART-C8243B04,Bellows,Indie / Alternative
ART-CDADC358,Luke Sanger,Indie / Alternative
ART-547594EB,BADBADNOTGOOD,Indie / Alternative
ART-0AF3F923,Jay Diggs,Indie / Alternative
ART-7B01289C,Haunt,Indie / Alternative
ART-C9D09457,Neurosis,Indie / Alternative
ART-35FC5629,Bad Time Records,Indie / Alternative
ART-5C05B61F,Ellenor Vora,Indie / Alternative
ART-06A2ADBA,T++,Indie / Alternative
ART-7AF7CEAC,Black Valley,Indie / Alternative
ART-067852DE,Vonder,Indie / Alternative
ART-191F4DDB,Mansur Brown,Indie / Alternative
ART-6F0BEE0A,Dengue Dengue Dengue,Indie / Alternative
ART-70A431E2,Palissade,Indie / Alternative
ART-FF09D6EE,Bitcevsky park,Indie / Alternative
ART-51DE5514,Ut,Indie / Alternative
ART-A43C8284,HTRK,Indie / Alternative
ART-ACF4D43D,Claus Comedi,Indie / Alternative
ART-2A1D334B,Ociya,Indie / Alternative
ART-C987224B,Black Marble,Indie / Alternative
ART-9D2D762A,Curt Kennedy,Indie / Alternative
ART-45349265,Tom Moulton,Indie / Alternative
ART-5F4D44EF,Sólveig Matthildur,Indie / Alternative
ART-7ABF5E27,Oracle Bones,Indie / Alternative
ART-BC7BB6B8,catbeats,Indie / Alternative
ART-F04FAF80,War On Women,Indie / Alternative
ART-03B68C66,Ugress,Indie / Alternative
ART-B0627198,The Star Killers,Indie / Alternative
ART-C781E33E,EMDR,Indie / Alternative
ART-355067CA,Sweeping Promises,Indie / Alternative
ART-C5E1927F,natural/electronic.system.,Indie / Alternative
ART-2D925FE2,"Eluize (Night Tide, Bermuda Series)",Indie / Alternative
ART-3D6872E7,INVT & Nick León,Indie / Alternative
ART-6E8E2595,Slam,Indie / Alternative
ART-D5AD8153,club joya,Indie / Alternative
ART-1E2F314A,IMANU,Indie / Alternative
ART-FACC20EA,Biga Yut,Indie / Alternative
ART-6B37A976,Neànder,Indie / Alternative
ART-1911925A,DJ DOG,Indie / Alternative
ART-3C459A10,Robodroid,Indie / Alternative
ART-B04E8AFD,Deepness Dawn,Indie / Alternative
ART-4C532B4E,Brandy,Indie / Alternative
ART-5C67692F,Moan,Indie / Alternative
ART-8335D5C4,Lena Raine,Indie / Alternative
ART-CA1E3636,Prieur&Landry,Indie / Alternative
ART-0B04B56E,Howie Lee,Indie / Alternative
ART-20A08774,D-STYLES,Indie / Alternative
ART-6BE3F6A3,mikrokosmos,Indie / Alternative
ART-58BFE7ED,Jackie Venson,Indie / Alternative
ART-92C1C59D,Kikagaku Moyo,Indie / Alternative
ART-CC80D249,ArchivOne,Indie / Alternative
ART-C30546B7,Damian Sanchez,Indie / Alternative
ART-BDFBA937,KIND,Indie / Alternative
ART-0610D729,Camp Blood,Indie / Alternative
ART-579D665B,Shackleton/Zimpel,Indie / Alternative
ART-70878BCC,"Felipe Felino, Rimon Guimarães",Indie / Alternative
ART-2D05630D,◊►≈,Indie / Alternative
ART-137E53B7,SIMON LEBRON-MONSTER MANUAL LP,Indie / Alternative
ART-624229CB,Field Medic,Indie / Alternative
ART-55FB0B9A,Fidde,Indie / Alternative
ART-E16ED45C,Point 7,Indie / Alternative
ART-945125C1,PICTUREPLANE,Indie / Alternative
ART-21C10A85,betina quest ft Andrew Asare,Indie / Alternative
ART-AC4E4A6D,DRS & Dynamite MC,Indie / Alternative
ART-7F0944A8,Dominique Fils-Aimé,Indie / Alternative
ART-96C1B810,Jay Tholen,Indie / Alternative
ART-CC3A63FE,Small Engine Chorus,Indie / Alternative
ART-6BCAAF28,Jeremiah Cymerman,Indie / Alternative
ART-5DAF1661,Bluetech,Indie / Alternative
ART-2DCD0D9D,Self-Cut Bangs,Indie / Alternative
ART-5B92D093,Cults,Indie / Alternative
ART-1CF75EA8,Seba & Manos,Indie / Alternative
ART-FE03F17F,Pusher,Indie / Alternative
ART-7AA47BBB,Dom & Adred,Indie / Alternative
ART-30831385,Vocallective Records,Indie / Alternative
ART-E28B7D27,Précipices,Indie / Alternative
ART-1DBE8380,Fixate,Indie / Alternative
ART-F314BEC4,Cormorant,Indie / Alternative
ART-36C5E025,Katavasia,Indie / Alternative
ART-5CD2ADC9,Artificial Intelligence,Indie / Alternative
ART-1A30C5D3,Octave,Indie / Alternative
ART-50710216,Sofa Sound Bristol,Indie / Alternative
ART-507066F0,Merchandise feat. Dum Dum Girls,Indie / Alternative
ART-082A60DD,Dum Dum Girls,Indie / Alternative
ART-226AE6A7,Intercepting Pattern,Indie / Alternative
ART-2720ABD3,Washed Out,Indie / Alternative
ART-97070758,Spiral Trax,Indie / Alternative
ART-DDD8C1C9,Harpsona,Indie / Alternative
ART-46CEEE11,Luke Abbott,Indie / Alternative
ART-7971F8DD,Manticora,Indie / Alternative
ART-6D820992,Jen Swartout,Indie / Alternative
ART-D775ECF8,Nepumuk,Indie / Alternative
ART-3B295B93,Lobec,Indie / Alternative
ART-5FE85CA0,Battlelore,Indie / Alternative
ART-5DAE231E,Celtic Fiddle Music | Georgia Nettleton,Indie / Alternative
ART-12E67AAC,Seven,Indie / Alternative
ART-EC49A94B,Aesop Rock,Indie / Alternative
ART-885F5DD8,DJU DJU,Indie / Alternative
ART-A86EA2FD,Blackbird Raum,Indie / Alternative
ART-FB6FC6D4,Jenny Lapp,Indie / Alternative
ART-C5CC70AD,Lomelda,Indie / Alternative
ART-B5088905,Aqeel Aadam,Indie / Alternative
ART-832CF551,PanoSigma,Indie / Alternative
ART-B8E0DB11,Against All Logic,Indie / Alternative
ART-98D0A54F,I:Cube,Indie / Alternative
ART-02E19A9A,Gabriel Rei,Indie / Alternative
ART-19FF8F43,Joey Weisenberg & The Hadar Ensemble,Indie / Alternative
ART-DD176114,OPOLOPO,Indie / Alternative
ART-345ACBA5,marcello sahea,Indie / Alternative
ART-09BEFEAD,WLDV,Indie / Alternative
ART-F931E32A,NYP Records,Indie / Alternative
ART-3A51B9F8,Actress,Indie / Alternative
ART-28780C21,Summerless,Indie / Alternative
ART-06D9470D,Sean Schafianski,Indie / Alternative
ART-60435D42,UFO Hawaii,Indie / Alternative
ART-9828C235,Hardy Fox,Indie / Alternative
ART-8BE63877,Ran Katan,Indie / Alternative
ART-CA7668A0,Graz,Indie / Alternative
ART-DA6A729E,Cheise,Indie / Alternative
ART-D5D00ABE,Epoch,Indie / Alternative
ART-A008865B,Christopher Joseph,Indie / Alternative
ART-D015DAF7,Sweet Time,Indie / Alternative
ART-E560DC5C,Blue Hour,Indie / Alternative
ART-FCE01768,ElPeche,Indie / Alternative
ART-F66C6545,Smoove & Turrell,Indie / Alternative
ART-E7024CF5,Eisel,Indie / Alternative
ART-9707F439,All Them Witches,Indie / Alternative
ART-3C1A838F,Whipstriker,Indie / Alternative
ART-E18C4A6A,Gabor Szabo,Indie / Alternative
ART-E28B52A9,Totalement Sublime,Indie / Alternative
ART-2F0713AC,Adam Pits,Indie / Alternative
ART-512CFF83,Dilly Dally,Indie / Alternative
ART-37AF8919,"Arutani, Acud, Brigade",Indie / Alternative
ART-4DF35725,Zeal and Ardor,Indie / Alternative
ART-1D01C419,Highko,Indie / Alternative
ART-0C4B2EE0,Blast Records,Indie / Alternative
ART-1464EC2D,"Highko, Selective MooD",Indie / Alternative
ART-34350A1A,WET TUNA,Indie / Alternative
ART-EE5DA88A,LEON VYNEHALL,Indie / Alternative
ART-884E9F10,La P'tite Fumée,Indie / Alternative
ART-09B201F4,Las Cafeteras,Indie / Alternative
ART-25D813BA,The Mission,Indie / Alternative
ART-54C33362,Persus Nine,Indie / Alternative
ART-362EA7F9,DappyTKeys,Indie / Alternative
ART-AF1651B0,Rupert Oxlade,Indie / Alternative
ART-D9F3EC02,Yagya,Indie / Alternative
ART-941D0A20,Exos & Ohm,Indie / Alternative
ART-977AB935,Tall Black Guy,Indie / Alternative
ART-5133BB97,V/A,Indie / Alternative
ART-7D7824BE,Nikita Zabelin,Indie / Alternative
ART-A60E32E4,Piero Piccioni,Indie / Alternative
ART-E1827CA0,B.Slade,Indie / Alternative
ART-6097F89E,Death,Indie / Alternative
ART-8CAB1B09,Alberto Baldan Bembo,Indie / Alternative
ART-E3AA9CDE,Alessandro Alessandroni,Indie / Alternative
ART-005663B0,Krs.,Indie / Alternative
ART-EE83253A,Werendia,Indie / Alternative
ART-CEEC6921,Highrise,Indie / Alternative
ART-5FC949A5,E-MANTRA (old account),Indie / Alternative
ART-63CF4283,Nick Lurwick,Indie / Alternative
ART-8AC7EF66,Desolator,Indie / Alternative
ART-F140CE6D,Green Bay Wax,Indie / Alternative
ART-0200F916,Mr. Ho + Mogwaa,Indie / Alternative
ART-F21C79F9,Lifvsleda,Indie / Alternative
ART-D1B7E2F2,Ventre De Biche,Indie / Alternative
ART-C8F04AF0,Tsirihaka Harrivel & Vimala Pons,Indie / Alternative
ART-BD2AD355,Scented Poultice,Indie / Alternative
ART-70D28D17,No Age,Indie / Alternative
ART-918C05B4,Soul Supreme,Indie / Alternative
ART-CC068F73,YESKA Beatz Unltd,Indie / Alternative
ART-7AFDFB77,Gus & Iggy,Indie / Alternative
ART-CD50F873,unhappybirthday,Indie / Alternative
ART-B59DD127,Ninja Sex Party,Indie / Alternative
ART-23F4EB0F,Maral,Indie / Alternative
ART-E3A11D2E,MTR Project,Indie / Alternative
ART-9CCDA2D5,Equipment,Indie / Alternative
ART-2F4B6B69,Vj Silver,Indie / Alternative
ART-042954A0,Apis Malfiore,Indie / Alternative
ART-596D7DF6,Concrete Moon Andrea Pensado Fake Trade Remnants Glass Path Magnetic Coroner,Indie / Alternative
ART-24B1F774,Cindy,Indie / Alternative
ART-17D782C2,Fortune Cookie Club,Indie / Alternative
ART-D31E8A4A,Ingus Baušķenieks,Indie / Alternative
ART-ACA2C1C2,I Solar,Indie / Alternative
ART-6A1E61BD,ALEX & Megan McDuffee,Indie / Alternative
ART-1989C468,DJ ZVONIMIR,Indie / Alternative
ART-9C45B88C,The Boy Called Hedge,Indie / Alternative
ART-267A7D35,Bad Elephant Music,Indie / Alternative
ART-339B6FC9,Tapes,Indie / Alternative
ART-62686B52,M!R!M,Indie / Alternative
ART-9E221FCB,European Sun,Indie / Alternative
ART-BC915878,Griffin McElroy,Indie / Alternative
ART-4CF0BD04,Soft Kill,Indie / Alternative
ART-BBD8B925,Dublicator,Indie / Alternative
ART-7849DBE1,Vindsvept,Indie / Alternative
ART-C07DEF39,Ishmael Cormack,Indie / Alternative
ART-7E803A59,Mr. Ho,Indie / Alternative
ART-B1AF1016,Luca Lozano,Indie / Alternative
ART-924DFD96,Magic Sword & Droid Bishop,Indie / Alternative
ART-EA1C5B49,Droid Bishop,Indie / Alternative
ART-C17D5859,Bruce Brubaker & Max Cooper,Indie / Alternative
ART-8DC7582A,HEAVY PSYCH SOUNDS Records,Indie / Alternative
ART-F5CB6B70,Werkstatt Recordings,Indie / Alternative
ART-DBAB789A,Huntleys + Palmers,Indie / Alternative
ART-92F67BC3,Jill Scott,Indie / Alternative
ART-FA626332,K-Effect,Indie / Alternative
ART-4E948D1F,girls pissing on girls pissing,Indie / Alternative
ART-2141B7E6,Hauntologists,Indie / Alternative
ART-45C358D2,DORFMEISTER/MEGABLAST/OBERMAIER,Indie / Alternative
ART-A2B64BCA,Snuffed On Sight,Indie / Alternative
ART-CAE8C41A,Incident Prism,Indie / Alternative
ART-54D1952B,Trevor Hall,Indie / Alternative
ART-3B7E1E8F,Jean C. Roché,Indie / Alternative
ART-33837219,TEMPERS,Indie / Alternative
ART-704C69F3,GILA,Indie / Alternative
ART-D1DB352A,salute,Indie / Alternative
ART-D01C8321,Brainoil,Indie / Alternative
ART-4B9AC7D8,Meduza featuring SHELLS,Indie / Alternative
ART-55620574,Moustache Records,Indie / Alternative
ART-267AE1A5,International Observer,Indie / Alternative
ART-EDA165A7,British Experimental Rocket Group (BERG),Indie / Alternative
ART-22A7C568,The Midnight,Indie / Alternative
ART-FE39FC12,Invincible Force,Indie / Alternative
ART-C1C7589E,Navy Blue,Indie / Alternative
ART-D9246779,Victrola,Indie / Alternative
ART-3E2887F1,Cloudkicker,Indie / Alternative
ART-62E9AB17,Moka Only,Indie / Alternative
ART-407E7D6A,M/\rc0s1d0,Indie / Alternative
ART-6499BFC5,Raver Raver,Indie / Alternative
ART-3B4299A5,Abdominal,Indie / Alternative
ART-3FD66E06,Hada,Indie / Alternative
ART-916E113B,Scuderia,Indie / Alternative
ART-AAB5C926,Bliss Point,Indie / Alternative
ART-30710E2E,New Cool Collective,Indie / Alternative
ART-4215EF66,Forest Drive West,Indie / Alternative
ART-18AF2A47,Nahawa Doumbia,Indie / Alternative
ART-E696BBF7,Justin Jay,Indie / Alternative
ART-F59F7757,Nadejda,Indie / Alternative
ART-2A6D51C7,Gene On Earth,Indie / Alternative
ART-328486C2,Louis La Roche,Indie / Alternative
ART-81741A9F,CLUB CAB,Indie / Alternative
ART-3B129D96,SHXCXCHCXSH,Indie / Alternative
ART-98058ABA,Dimi Angélis,Indie / Alternative
ART-47B372CC,P.E.A.R.L.,Indie / Alternative
ART-40561E7A,Charlton,Indie / Alternative
ART-109C7E2E,Haeken,Indie / Alternative
ART-B40D6140,Forward Strategy Group,Indie / Alternative
ART-374499E8,Tensal,Indie / Alternative
ART-FDC32A55,Radial,Indie / Alternative
ART-39691DDB,VSK,Indie / Alternative
ART-24D01AB8,Echologist,Indie / Alternative
ART-23E6D85C,Lockertmatik,Indie / Alternative
ART-9EC7A0F0,Lag,Indie / Alternative
ART-BFC41A3B,Bas Mooy,Indie / Alternative
ART-F0085F5D,Völur,Indie / Alternative
ART-8E78E7E4,Bill Pohl,Indie / Alternative
ART-E8C5C62D,Drew McDowall,Indie / Alternative
ART-3079ACC8,Be Svendsen,Indie / Alternative
ART-783608CC,Linea Aspera,Indie / Alternative
ART-78977C75,CAF?,Indie / Alternative
ART-60F06D1F,Wayfarer,Indie / Alternative
ART-E09C55D5,Asquith,Indie / Alternative
ART-2FD3F688,Axefield,Indie / Alternative
ART-BF15E399,Carnivorous Bells,Indie / Alternative
ART-65F36FA1,clipping.,Indie / Alternative
ART-045DECD4,Pye Corner Audio,Indie / Alternative
ART-606257BC,Rilo Kiley,Indie / Alternative
ART-7E8E8246,Brook Pridemore,Indie / Alternative
ART-D4F01A95,Indian Wells,Indie / Alternative
ART-9EB0D040,she,Indie / Alternative
ART-13EC6451,Baba Naga,Indie / Alternative
ART-6428C7FB,Trinity Carbon,Indie / Alternative
ART-B9661AA0,DJ Tennis,Indie / Alternative
ART-DFE89197,Footprint Project,Indie / Alternative
ART-C7E6F0E4,Om Unit,Indie / Alternative
ART-4D82C07C,Bokit Production,Indie / Alternative
ART-409F18F2,The Beverly Crushers,Indie / Alternative
ART-5587DD4F,wristroll,Indie / Alternative
ART-117D1FD0,Bloodshot Records,Indie / Alternative
ART-9719FA45,Michael Nau,Indie / Alternative
ART-976ECB1C,1-800 GIRLS,Indie / Alternative
ART-AA4A0E19,Ted Leo & Pharmacists,Indie / Alternative
ART-200C523B,Baby Rollén & Gallegos,Indie / Alternative
ART-EC41A0CC,Keith Fullerton Whitman,Indie / Alternative
ART-62660332,Soul Mass Transit System & Killa P,Indie / Alternative
ART-C7DADCE0,Mark Pritchard,Indie / Alternative
ART-DD2A5ED4,Slingerland,Indie / Alternative
ART-F7029CC0,Colin Clary,Indie / Alternative
ART-896C06FD,fusq,Indie / Alternative
ART-F3C60D81,Shed,Indie / Alternative
ART-6A678EEE,Andrew Lowden,Indie / Alternative
ART-5F36707C,Opto = Opiate + Alva Noto,Indie / Alternative
ART-7850E7F5,Rompante,Indie / Alternative
ART-EC45A52D,EVOL,Indie / Alternative
ART-2021F8A0,Rosa Anschütz,Indie / Alternative
ART-CC2AB148,NET GALA,Indie / Alternative
ART-FFE3FC54,Mossferatu,Indie / Alternative
ART-5036DFFB,Bliss Inc.,Indie / Alternative
ART-46C44ABF,Bell Towers,Indie / Alternative
ART-771A1B14,Jake Walker,Indie / Alternative
ART-EDE320F6,DLV,Indie / Alternative
ART-398995F5,De La Cuna A La Tumba,Indie / Alternative
ART-30D6537D,Modern Technology,Indie / Alternative
ART-710533DD,HOME,Indie / Alternative
ART-772DEFE5,No Aloha Records,Indie / Alternative
ART-038B2B26,Lightning Dust,Indie / Alternative
ART-FDAE8593,World Series,Indie / Alternative
ART-35F71553,Konx-om-Pax,Indie / Alternative
ART-425E038B,Julian Lynch,Indie / Alternative
ART-0A057B77,Matt Mays,Indie / Alternative
ART-ABCD5190,Jam Master,Indie / Alternative
ART-4987EE01,Middle-Man Records,Indie / Alternative
ART-1C83C3C9,Lifes,Indie / Alternative
ART-BF19856E,Euth,Indie / Alternative
ART-3ED21982,Breathing Rainbow,Indie / Alternative
ART-2C2F4FF9,Detriti Records,Indie / Alternative
ART-D063277E,Kutiman,Indie / Alternative
ART-4E570A8C,EVITCELES,Indie / Alternative
ART-DEE212F3,Mani Festo,Indie / Alternative
ART-B841641B,Ana Roxanne,Indie / Alternative
ART-2C5AA813,Joan Shelley,Indie / Alternative
ART-A91EE5FA,Anne Reburn,Indie / Alternative
ART-A365D790,BUSDRIVER,Indie / Alternative
ART-F5B65F2F,Bing Satellites,Indie / Alternative
ART-15332BCF,UVB,Indie / Alternative
ART-74C80AB0,Fiver,Indie / Alternative
ART-3DBEEBE5,Too Many Zooz,Indie / Alternative
ART-61824D90,Jacidorex,Indie / Alternative
ART-90490442,ASTRAL WAVES,Indie / Alternative
ART-BE641F76,AuroraX,Indie / Alternative
ART-A29AF5DA,COSMIC DUST,Indie / Alternative
ART-5E9E488C,LAB'S CLOUD,Indie / Alternative
ART-66AAD3A0,PRIMABOT,Indie / Alternative
ART-056DE85F,LYDIA,Indie / Alternative
ART-276BE5D0,I.M.D,Indie / Alternative
ART-711D71C1,ZERO THEORY,Indie / Alternative
ART-8BC54BBB,PETBRICK,Indie / Alternative
ART-3DA84BA7,Paul Babelay,Indie / Alternative
ART-5C5BF1AB,Fadi Tabbal,Indie / Alternative
ART-28F3B382,沙漠鱿鱼,Indie / Alternative
ART-906D4F1D,Scarlet Season,Indie / Alternative
ART-5E90C4F3,Sylvan Esso,Indie / Alternative
ART-45047FD6,Sam & Jack Brickel,Indie / Alternative
ART-1065274D,William McCarthy,Indie / Alternative
ART-32DAE029,David Nance,Indie / Alternative
ART-299AE1EE,Steve Roach,Indie / Alternative
ART-9B7126D7,Serena Gabriel  -  Steve Roach,Indie / Alternative
ART-83F4BE2D,Artists From Nowhere,Indie / Alternative
ART-2C8DDE97,Arthur Robert - AR,Indie / Alternative
ART-65AEA56C,Mutual Intentions,Indie / Alternative
ART-DC4A7723,Eartheogen,Indie / Alternative
ART-13637FEA,c64 (of Dual Core),Indie / Alternative
ART-8C4E637F,ROMASA,Indie / Alternative
ART-7CBF9E72,Michal Jablonski,Indie / Alternative
ART-8A2A2597,Pat Jaffe,Indie / Alternative
ART-59C4B85B,Dixia Sirong & O'Hana,Indie / Alternative
ART-9006F200,Burnt Tapes,Indie / Alternative
ART-94594778,Fashion Queens,Indie / Alternative
ART-D30B756D,dpcld,Indie / Alternative
ART-F74E8390,Churchwood,Indie / Alternative
ART-B666EA6B,Harvey McLaughlin,Indie / Alternative
ART-B129B60A,Digital Landscapes,Indie / Alternative
ART-B4A8072C,Bedouine,Indie / Alternative
ART-AF2ABF08,Yair Levi,Indie / Alternative
ART-91756A74,Yair Levi & Shai Sol,Indie / Alternative
ART-1B389C93,vertigoaway,Indie / Alternative
ART-7E734D40,Origami Angel,Indie / Alternative
ART-4F40E2A8,Jeku,Indie / Alternative
ART-C3F661B1,Sahalé,Indie / Alternative
ART-826A75F1,Wills Dissolve,Indie / Alternative
ART-DE7B2077,CelloJoe,Indie / Alternative
ART-8682B5EA,Nebula Music Group,Indie / Alternative
ART-1EAA97C1,Moodymann,Indie / Alternative
ART-C34F4485,Vladimir Gnatenko,Indie / Alternative
ART-9BD63CC5,YEAR OF NO LIGHT,Indie / Alternative
ART-CB602C05,HIERONYMUS BOGS,Indie / Alternative
ART-D6B2DE3C,Bálint Boldizsár,Indie / Alternative
ART-C2855B66,Whitechapel,Indie / Alternative
ART-EA6157F3,DJ Kane,Indie / Alternative
ART-097AD562,Professor Genius,Indie / Alternative
ART-5D620F3B,"Anemone Tube, Jarl & Monocube",Indie / Alternative
ART-468DD35A,Anemone Tube,Indie / Alternative
ART-C810DB99,Really Slow Motion,Indie / Alternative
ART-9EE7F29D,Suzi Quatro & Chris Norman - Stumblin in ( Absolute remix ),Indie / Alternative
ART-9C6142A3,Marvin Gaye vs. Beyoncé - Sexual boy ( Absolute remix ),Indie / Alternative
ART-DFCEFB25,Ballerina Black,Indie / Alternative
ART-61950296,The Halo Benders,Indie / Alternative
ART-59DF053E,COMA REGALIA,Indie / Alternative
ART-7CAC821B,THE XAV,Indie / Alternative
ART-EA9E35AE,Repeat Offender,Indie / Alternative
ART-392ACE06,DJ МУДАК 2000,Indie / Alternative
ART-46EDBCC7,Aidan Knight,Indie / Alternative
ART-8B0E8D52,Dixia Sirong,Indie / Alternative
ART-87F9DAED,Camille & Haley,Indie / Alternative
ART-20B95565,hotmood,Indie / Alternative
ART-B1410AA0,Aspetuck,Indie / Alternative
ART-3D2A9F0F,Wilson Tanner,Indie / Alternative
ART-642EAFF6,Malojian,Indie / Alternative
ART-82C24C91,The Pendletons,Indie / Alternative
ART-9DD65525,DARKNET,Indie / Alternative
ART-EFC0932A,Regain Records,Indie / Alternative
ART-EB2C788D,Marduk,Indie / Alternative
ART-92727675,Home Counties,Indie / Alternative
ART-E6496219,Arubu Avua,Indie / Alternative
ART-D6D65087,Sully,Indie / Alternative
ART-67DBA931,desert sand feels warm at night,Indie / Alternative
ART-0153E30B,SQUARELAB MUSIC,Indie / Alternative
ART-C2E5A8E6,HAWXX,Indie / Alternative
ART-F74D67C7,DJ TAKYON,Indie / Alternative
ART-0E567B3B,Knxwledge.,Indie / Alternative
ART-90A29518,Miche Fambro,Indie / Alternative
ART-D9D2CAF3,Berceuse Heroique,Indie / Alternative
ART-91BCC3C6,Dying Victims Productions,Indie / Alternative
ART-121AAB32,Portray Heads,Indie / Alternative
ART-4313E170,Donnie & Joe Emerson,Indie / Alternative
ART-401FF9ED,Attic Salt,Indie / Alternative
ART-8A868044,John Mark McMillan,Indie / Alternative
ART-85C21F8C,PC Music,Indie / Alternative
ART-7D9358B6,Reinventing Jude,Indie / Alternative
ART-CE6E6B56,Mocky,Indie / Alternative
ART-CCE2D711,Anna McClellan,Indie / Alternative
ART-CEC0A4FC,Limbs,Indie / Alternative
ART-C864AB9F,Megane Mercury,Indie / Alternative
ART-436CA6AA,Mark Van Hoen,Indie / Alternative
ART-E95EB1DB,Belle Isle Balearic,Indie / Alternative
ART-F6ADC25E,Mike Millrain,Indie / Alternative
ART-B0D91A05,Houndsteeth,Indie / Alternative
ART-C2270F43,Nick Hempton,Indie / Alternative
ART-09B43DEC,Terence Fixmer,Indie / Alternative
ART-A6519F55,Keep The Feel Ent.,Indie / Alternative
ART-FEA50531,Mikołaj Trzaska,Indie / Alternative
ART-1795C61E,Phase Fatale,Indie / Alternative
ART-DD67C667,Kollektiv.Liebe e.V.,Indie / Alternative
ART-C5DB0F99,Audiopile,Indie / Alternative
ART-82331503,December,Indie / Alternative
ART-86106E61,OHHMS,Indie / Alternative
ART-769DF046,Black Merlin,Indie / Alternative
ART-2EAC6717,tricot,Indie / Alternative
ART-823812F6,Alessandro Adriani,Indie / Alternative
ART-1CAD16FC,Infant Island,Indie / Alternative
ART-CA6F36DC,BEAU WANZER,Indie / Alternative
ART-74829419,Forbidden Place Records,Indie / Alternative
ART-ABF20EBB,Operentzia,Indie / Alternative
ART-5CBCA265,REZN,Indie / Alternative
ART-9763E47C,Hooverian Blur,Indie / Alternative
ART-497478EE,The Rebel,Indie / Alternative
ART-DCF6D8B1,Mike MFN Love,Indie / Alternative
ART-4DCA3D36,Free Music,Indie / Alternative
ART-255BD87D,kryten,Indie / Alternative
ART-9A5D1876,Kryten,Indie / Alternative
ART-F572690E,Gazelle Twin,Indie / Alternative
ART-D725A4C0,Hypercube,Indie / Alternative
ART-CF7956F9,Joshua Burnside,Indie / Alternative
ART-2D883303,Skeleton Birds,Indie / Alternative
ART-8F5D1526,Tim Jordan,Indie / Alternative
ART-B2CBA5D6,The Blindside,Indie / Alternative
ART-A50CA028,Songs for Supper,Indie / Alternative
ART-93A9F601,"Lucas Welle, Mele",Indie / Alternative
ART-2661AD37,Jason Isbell and the 400 Unit,Indie / Alternative
ART-9DC446AE,Kipper feat. Matt Maltese,Indie / Alternative
ART-BE0C4208,Conrad Schnitzler,Indie / Alternative
ART-B39E8D9B,Sadhu Sensi,Indie / Alternative
ART-3DA6A1B8,Paysage d'Hiver,Indie / Alternative
ART-4A379457,MANIK MC,Indie / Alternative
ART-37989ADA,Hey Colossus,Indie / Alternative
ART-A306465C,PTDD + MONTY,Indie / Alternative
ART-2E1CBA89,Neural Cave,Indie / Alternative
ART-01B67F39,Georgia Anne Muldrow,Indie / Alternative
ART-CD727074,RZ Muzik,Indie / Alternative
ART-35515451,TH;EN x MANGO,Indie / Alternative
ART-3F428E23,Stas Thee Boss,Indie / Alternative
ART-2482BAD1,Piezo,Indie / Alternative
ART-1C4BE399,Junkshopguru,Indie / Alternative
ART-1B059777,Gav Easby,Indie / Alternative
ART-9344DEAA,"Dogger, Mindstate, SP:MC",Indie / Alternative
ART-7F0746FC,Seph,Indie / Alternative
ART-E39AEC0E,Makaya McCraven,Indie / Alternative
ART-6B54C8B1,New Age Healers,Indie / Alternative
ART-DAB61F98,"100 gecs, Dylan Brady & Laura Les",Indie / Alternative
ART-6AD02E50,Hairy Mother Of God,Indie / Alternative
ART-91DB1D19,Polygonia,Indie / Alternative
ART-64B25295,Nigm,Indie / Alternative
ART-85CCAD9D,Fungi,Indie / Alternative
ART-6BC884D4,Artefakt,Indie / Alternative
ART-752986F5,B FROM E,Indie / Alternative
ART-F320481F,Barker,Indie / Alternative
ART-79F01275,"Antoine Berjeaut, Makaya McCraven",Indie / Alternative
ART-64EC84FE,Prescott Minóy,Indie / Alternative
ART-2B827CD3,Berg Audio,Indie / Alternative
ART-BE60DF49,The Caretaker,Indie / Alternative
ART-E5125BD1,thistle street,Indie / Alternative
ART-8B3D861F,"Underground Canopy, Bluestaeb, S. Fidelity",Indie / Alternative
ART-6D972838,Move D,Indie / Alternative
ART-112551A9,OPL,Indie / Alternative
ART-77252CD8,cannibal,Indie / Alternative
ART-4AD9BBA8,Bada-Bada,Indie / Alternative
ART-852A0BAE,VALDUR,Indie / Alternative
ART-A76DC0AA,ki ya tori,Indie / Alternative
ART-B6A9BE19,Jack J,Indie / Alternative
ART-C5062A6F,Erremita,Indie / Alternative
ART-6C7619A9,Asllan,Indie / Alternative
ART-D61A8477,Kurt Baker,Indie / Alternative
ART-4ACED4EF,Allysha Joy,Indie / Alternative
ART-0994FEA7,Syd Arthur,Indie / Alternative
ART-B20B08FF,Bab L' Bluz,Indie / Alternative
ART-4A7479AF,Kllo,Indie / Alternative
ART-30EC94D9,Iro Aka,Indie / Alternative
ART-D0AEEAE7,RAWAR,Indie / Alternative
ART-01CAB4AB,Cat Mullins & ThemBoys,Indie / Alternative
ART-DE4002C8,Sineo & Kuddy Le Blanc,Indie / Alternative
ART-EA23A04B,Torme,Indie / Alternative
ART-0FCD3ACC,צו השעה,Indie / Alternative
ART-7427DE99,Angel D'lite,Indie / Alternative
ART-E536805F,Mosca,Indie / Alternative
ART-84C25B02,Anz,Indie / Alternative
ART-E63E28D8,DJ Chrysalis,Indie / Alternative
ART-9EEB4DE3,Nice Girl,Indie / Alternative
ART-36E98066,The Lunar Effect,Indie / Alternative
ART-FE2F8FA6,Orgone,Indie / Alternative
ART-E39997D7,Darian,Indie / Alternative
ART-A8A5976C,Orpheus Nine,Indie / Alternative
ART-36F49BCD,PTP,Indie / Alternative
ART-2E3B398E,Clown,Indie / Alternative
ART-E5FDA9D8,Palavas,Indie / Alternative
ART-346A9BA3,York Factory Complaint,Indie / Alternative
ART-8EB54DC3,Chicos de Nazca,Indie / Alternative
ART-D3B08F39,Dark Notes (Deviant Force Records),Indie / Alternative
ART-FAA62D9A,Ulver,Indie / Alternative
ART-95CDD70C,Passarani,Indie / Alternative
ART-15D9128C,Higgo,Indie / Alternative
ART-6B51B842,POWER TRIP,Indie / Alternative
ART-84251FF3,carpet group recordings,Indie / Alternative
ART-98870DC3,James Bangura,Indie / Alternative
ART-596B0A02,BusCrates,Indie / Alternative
ART-03A3976C,Amnesia Scanner,Indie / Alternative
ART-B70FBA83,Ellen Phan,Indie / Alternative
ART-86C6D30E,Miriah Avila,Indie / Alternative
ART-9E068498,Joep Mencke,Indie / Alternative
ART-4B6A74B9,Groovy Uncle,Indie / Alternative
ART-09AB5026,GORE GORE GAYS,Indie / Alternative
ART-121BEB36,Akhlys,Indie / Alternative
ART-AFF3B568,Paul Matthew Moore,Indie / Alternative
ART-65E8194E,Pitch Black,Indie / Alternative
ART-60C2C51F,Action Bronson,Indie / Alternative
ART-B916C1AF,Drumwork,Indie / Alternative
ART-4675830A,Jon Jones,Indie / Alternative
ART-AA59DF56,Absinth3,Indie / Alternative
ART-0B219C5B,Thousand Islands Records,Indie / Alternative
ART-C19F2B27,wAgAwAgA,Indie / Alternative
ART-479DC616,youANDme,Indie / Alternative
ART-E71FBB1F,Cape Town Electronic Music Festival,Indie / Alternative
ART-75F81DF7,Horse Torso,Indie / Alternative
ART-51725E64,SULLFUPPORT,Indie / Alternative
ART-B6B1EE23,Max Watts,Indie / Alternative
ART-3A11129C,VA,Indie / Alternative
ART-A28CE167,Messer Chups,Indie / Alternative
ART-0CB707CF,D-Echo Project,Indie / Alternative
ART-B71D9398,Radu Guran,Indie / Alternative
ART-915368BA,Tim Baltes,Indie / Alternative
ART-7C2C0AAC,CORBEN,Indie / Alternative
ART-F250F68A,Chris Suarez,Indie / Alternative
ART-EF06FCCF,Looks Realistic,Indie / Alternative
ART-3E44E921,Major Ipnotic Key Institute,Indie / Alternative
ART-B89D626F,J.Rocc,Indie / Alternative
ART-A62B1EB6,Speakeasy Electro Swing,Indie / Alternative
ART-FB5A9EAF,Marker Starling,Indie / Alternative
ART-C17B9390,Live For You,Indie / Alternative
ART-AD88A2B0,Throwing Muses,Indie / Alternative
ART-30F00FC8,LiL BiL,Indie / Alternative
ART-09C1A596,Brigade,Indie / Alternative
ART-EA8D28D3,Visionary Shamanics,Indie / Alternative
ART-C57B5D9A,MNLTH,Indie / Alternative
ART-9E8A3073,Reso,Indie / Alternative
ART-B3CB18D2,Maru,Indie / Alternative
ART-E0FE1F12,David Bars,Indie / Alternative
ART-A2C13BE2,Svreca,Indie / Alternative
ART-17509CB4,Melanie De Biasio,Indie / Alternative
ART-118D0461,Stussko,Indie / Alternative
ART-87AFE30F,Swing & Bass,Indie / Alternative
ART-22BFDC09,North End Track Authority,Indie / Alternative
ART-A0C36CF2,Kutcorners,Indie / Alternative
ART-5B5BE4EF,"Fede Lng, Byron The Aquarius",Indie / Alternative
ART-73D800E2,Pierre Codarin,Indie / Alternative
ART-2D349DF0,DJ Charme,Indie / Alternative
ART-D1D274A3,Rabbit Junk,Indie / Alternative
ART-8A2E02CD,Porya Hatami,Indie / Alternative
ART-A498A474,Giacomo Fiore,Indie / Alternative
ART-ACBBE751,Land of Kush,Indie / Alternative
ART-0C87F5D6,Jah Schulz,Indie / Alternative
ART-14710F8B,Earth Boys,Indie / Alternative
ART-1FCCA963,[B.I.O-2],Indie / Alternative
ART-9916D1FC,Ruby,Indie / Alternative
ART-9A081495,Old Tower,Indie / Alternative
ART-F6A43D3E,Bufiman,Indie / Alternative
ART-A6F334DA,Blockhead,Indie / Alternative
ART-3E8E4695,Binbag Wisdom,Indie / Alternative
ART-001881BA,Snapped Ankles,Indie / Alternative
ART-7AADDBA5,Désaccord Majeur,Indie / Alternative
ART-A29C085E,Spoonbill,Indie / Alternative
ART-CB2F2875,Blu & Exile,Indie / Alternative
ART-DCEAB533,Wilt,Indie / Alternative
ART-89EB2065,R.A.P. Ferreira,Indie / Alternative
ART-0B16544D,T:Base,Indie / Alternative
ART-69F99C24,Genesis Breyer P-Orridge,Indie / Alternative
ART-0E55CC4B,Nervous Dater,Indie / Alternative
ART-9F447D28,The Anchoress,Indie / Alternative
ART-5636D914,Balance Club/Culture Festival,Indie / Alternative
ART-8FF462C1,Blushh,Indie / Alternative
ART-18D191AC,dj mOma,Indie / Alternative
ART-4B4D7CA2,Street Play,Indie / Alternative
ART-BE0CF420,Vulfpeck,Indie / Alternative
ART-5F88F9AA,Zola Jesus,Indie / Alternative
