Item_ID,Nama_Item,Tipe_Item,Harga_Satuan
ITM-3F13430D,Live at Vicar Street,Digital Album,9.98999977111816
ITM-54294AF1,Neurogen,Digital Album,1.0
ITM-FE0D85E3,The Last Snare Bender,Digital Album,3.0
ITM-9ED260E3,Limited Edition Compact Disc,Physical / Merch,10.5
ITM-12EC2E40,O Ruthless Great Divine Director,Digital Track,1.0
ITM-726E7254,Try to Reach Me,Digital Track,1.28999996185303
ITM-6D1B56EB,THE NEW ANIME GROOVE COLLECTION,Digital Album,0.0
ITM-8D6CF205,The White Arcades,Digital Album,5.0
ITM-E7A91EA0,Better Day (Hard Soul Mix),Digital Track,1.99000000953674
ITM-F135A1D5,It's A Fire,Digital Track,1.0
ITM-E02EAF58,The Ochre (Demos and Designs),Digital Album,7.0
ITM-C2DDB5C4,JOLENE,Digital Track,1.0
ITM-9F991FE1,WICKED GAME,Digital Track,2.99000000953674
ITM-4EE60F6B,Larry June x Cookin Soul - Orange Season (EP),Digital Album,5.0
ITM-8738EB96,Zoi (CA) - Prisms EP,Digital Album,1.9800000190734897
ITM-C16D264D,Shit's Fucked,Digital Track,1.0
ITM-9D2B0A7A,Death on the Balcony - Para Ser Libre,Digital Track,1.9800000190734897
ITM-880A7EF2,Silence,Digital Track,1.0
ITM-30A9EC02,Jamaican Fruit of African Roots EP,Digital Album,4.0
ITM-DFA096EC,Ltd. DigiCD,Physical / Merch,13.8999996185303
ITM-C14D835F,Dregs In Bloom,Digital Album,2.0
ITM-A51C485C,Winnie b/w Burn Blue,Digital Album,2.0
ITM-864095A0,S/T EP,Digital Album,7.0
ITM-268D6EAC,"BBR#36 CIEL 'Movement' Limited Edition 6 track 7"" E.P",Physical / Merch,5.5
ITM-91C5BF31,"Limited Edition 2 x 12"" Vinyl Gatefold - *SIGNED PRE-ORDERS BEFORE 11th SEP*.",Physical / Merch,19.9899997711182
ITM-AB6E6A67,Unruly Gentleman (BONUS TRACK!!),Digital Track,1.0
ITM-21C52451,Limited Edition CD-R,Physical / Merch,12.0
ITM-C8719336,KISS KISS,Digital Album,0.0
ITM-84DDFB34,2018,Digital Album,0.0
ITM-95A77F5A,French Exit Repress,Physical / Merch,20.0
ITM-AD5635B6,Omae,Digital Track,3.0
ITM-9711E7A3,Per Aspera Ad Astra,Digital Album,9.0
ITM-810BD681,Double Vinyl,Physical / Merch,29.9899997711182
ITM-4EA6277E,dark woods tshirt,Physical / Merch,15.0
ITM-8AE0FADB,Smarts LP - White Vinyl,Physical / Merch,28.0
ITM-02665B3B,"Heaven Inc. / Looking At Plants 7""",Physical / Merch,13.0
ITM-E940688F,Transcendental Youth,Digital Album,8.0
ITM-C152FEA8,Black Ops EP,Digital Album,3.0
ITM-E7D214D9,Staying Alive (A.Skillz Remix),Digital Track,1.0
ITM-62359886,Gala - Freed From Desire (Summer Remix),Digital Track,2.0
ITM-E32BCF6F,Barry White - Can't Get Enough Of Your Love Babe ( Kmell Re loved 2020),Digital Track,3.0
ITM-AE69DDE2,Kool & The Gang - Straight Ahead (Kmell Rework 2020),Digital Track,3.0
ITM-42CB394F,Change - A Lover's Holiday (Kmell Reedit 2020),Digital Track,2.0
ITM-4EF148E6,Kurtis Blow-The Breaks (Kmell Remix 2020),Digital Track,2.0
ITM-25784DF4,Gloria Estefan - Conga (Kmell Re-Cong 2020),Digital Track,2.5
ITM-FA79F10D,Lisa Stanfield -The Real Thing (Kmell Rework 2020),Digital Track,2.0
ITM-9C60AF10,Kim Carnes - Bettes Davis Eyes (Kmell Re-Tide 2020),Digital Track,2.5
ITM-C75784F8,Warhol Wednesday: Endless Live Album,Digital Album,10.0
ITM-0E07CA5E,Second pressing - Clear 2x Vinyl LP,Physical / Merch,40.0
ITM-27D99B9D,Until the End of the Moon,Digital Album,0.0
ITM-A63F1018,Turn My G Down (feat. Stash Marina),Digital Track,1.5
ITM-83D099B1,Pat Metheenee - Slip Away (Conan Liquid Crates Motel Remix),Digital Track,2.4000000953674303
ITM-10D18E5C,The Fire Still Burns,Digital Album,10.0
ITM-C52DFCA3,Elton Jon - Are you ready for love? (Conan Liquid Reel to reel re re re edit),Digital Track,1.20000004768372
ITM-11CEF8E5,JamiroKwai - Too Young to Die (Conan Liquid Reel to reel re re re edit),Digital Track,2.4000000953674303
ITM-823B41B8,Alicia - I want to thank you (Conan Liquid Crates Motel Naughty but Splice Edit),Digital Track,1.20000004768372
ITM-AE412F76,Jan Jacksun - When I think of You (Conan Liquid Reel to reel re re re edit),Digital Track,1.20000004768372
ITM-679BA506,Big Cabin,Digital Track,3.0
ITM-F51EA8E7,The Power (Chris Gs Edit),Digital Track,7.0
ITM-70BA588F,Bim Sala Bim (Chris Gs Edit),Digital Track,7.0
ITM-91D9DD79,Mirage (Chris Gs Edit),Digital Track,9.0
ITM-79122029,The captain of her heart (Chris Gs Edit),Digital Track,20.0
ITM-0196CED0,In The Red Vol. 1 & 2 - Vinyl Bundle,Physical / Merch,30.0
ITM-53DE4ECF,Electrica Salsa (Chris Gs Edit),Digital Track,6.5
ITM-B3619463,(What a) Wonderful world (Chris Gs Edit),Digital Track,2.5
ITM-CDA39D8C,Ring my bell (Chris Gs Edit),Digital Track,8.0
ITM-3573E26F,It's a shame (Chris Gs Edit),Digital Track,2.0
ITM-F00060E3,Don't send me away (Chris Gs Edit),Digital Track,20.0
ITM-1723D0B4,Seed 2.0 (Chris Gs Edit),Digital Track,7.0
ITM-B1B21447,Chimes,Digital Album,0.0
ITM-AD585195,Limited Edition Gold Sparkle Baseball T,Physical / Merch,25.0
ITM-1D3B2D04,SVVINES AND HERETICS,Digital Album,700.0
ITM-178FC14A,Low B4,Digital Track,2.0
ITM-B0C10F55,By Fields (I),Digital Track,1.0
ITM-F3FEF121,Moon Lush,Digital Track,1.0
ITM-59AEC67E,Undir skyggðarhaldi,Digital Album,0.0
ITM-9F1D3F25,Jade - Don't Walk Away (K Mouta Edit),Digital Track,1.0
ITM-27FDBB6A,Michael Jackson & Paul MacCartney - The Girl Is Mine (K Mouta Edit),Digital Track,1.35000002384186
ITM-0AE12720,Stereophonics - Maybe Tomorrow (K Mouta Edit),Digital Track,1.0
ITM-79F77832,The Weeknd - Blinding Lights (K Mouta Bossa Edit),Digital Track,1.35000002384186
ITM-D734AFCE,Sting - Englishman In New York (K Mouta Edit),Digital Track,1.25
ITM-6BEEEE34,Osibisa - Sunshine Day (K Mouta Edit),Digital Track,1.35000002384186
ITM-95C111B2,Naufrage (Mental Mix),Digital Track,1.5
ITM-ECE2EA6F,CONFINEMENT/release6,Digital Album,0.0
ITM-D8AFBC54,Recovery,Digital Track,1.5
ITM-EAF488B5,Immersion,Digital Track,1.0
ITM-383B8628,Paradise Killer Original Soundtrack,Digital Album,8.98999977111816
ITM-F7F52E3D,Hide & Seek (AQXDM Remix),Digital Track,1.5
ITM-3F4CEDE6,being,Digital Track,2.0
ITM-9C34D24F,People Who Can Eat People Are the Luckiest People In the World,Digital Album,6.65999984741211
ITM-E089A11B,Tykaepyzo,Digital Track,1.75
ITM-9AC277D3,Days Like This (Spinna & Ticklah Club Mix),Digital Track,1.5
ITM-C66A4E96,Headache vs. Corona,Digital Track,1.5
ITM-11F831D7,Green Embroidered Xoth Logo Patch,Physical / Merch,6.0
ITM-9E1F4342,Gestures,Digital Album,7.0
ITM-F9ED5E8E,Vinyl LP - Black,Physical / Merch,25.0
ITM-4A9326C2,Sonic Headrush,Digital Album,0.0
ITM-EBD5B6AF,Solidarity With Beirut Tote Bag,Physical / Merch,20.0
ITM-0376B372,"Dudes Night / Horror Squad Split 7""",Digital Album,0.0
ITM-23063EF5,Yau Manifold (Lithe Remix),Digital Track,1.0
ITM-9CC42F51,Play Ponds,Digital Album,2.5
ITM-746B767D,Forever In Your Sun,Digital Album,4.5
ITM-C4909F55,Matthew Laundro - Cave Level (Galtier's Excavation),Digital Track,0.0
ITM-2B6900A1,Happiness is Drumming Fire on the Mountain Jam,Digital Album,0.0
ITM-7D149A2D,4xCD BOX Set / ltd.250,Physical / Merch,26.0
ITM-3505C370,full digital discography (8 releases),Other,28.760000228881804
ITM-D73D6B56,It's Time..,Digital Album,6.0
ITM-695ECAAB,Mourn,Digital Album,10.0
ITM-84F047F2,ALL IN THE DESERT,Digital Album,9.98999977111816
ITM-D5ACE40C,Fairouz - Li Beirut (Bedouin 2020 Tribute Rework),Digital Track,2.0
ITM-AA64C292,Voodoo Kit,Digital Album,10.0
ITM-FFE5FD54,Transition EP,Digital Album,6.0
ITM-4BF2C506,STIMULUS,Digital Album,5.0
ITM-F658CB76,Abyss,Digital Album,9.98999977111816
ITM-505298B4,Water Memory / Mount Vision,Digital Album,12.0
ITM-0746BD53,The crazy and the fool,Digital Track,3.0
ITM-C9A00378,Everybody Wants To Be,Digital Track,1.0
ITM-C636FDD2,All U Need 2 Know,Digital Album,2.0
ITM-A0CC8171,Bind Torture Kill,Digital Album,0.0
ITM-2240C755,Viscères,Digital Album,5.0
ITM-26AD7493,Condamné,Digital Album,4.0
ITM-C47BE9F3,Heart's Ease,Digital Album,9.98999977111816
ITM-2B07EB44,HIGHMARE,Digital Album,7.0
ITM-233724C5,LP,Physical / Merch,15.0
ITM-07840153,EP,Physical / Merch,8.0
ITM-D770F355,Nothing But Net,Digital Album,5.0
ITM-5D2B27D2,Expresso,Digital Track,2.5
ITM-8A9E64D8,Split,Digital Album,4.0
ITM-2FC9ADF9,No Straight Roads (Original Soundtrack),Digital Album,10.0
ITM-84FB1706,Mega City 2 - Spice,Digital Album,2.5
ITM-565CD7A1,Lock 87,Digital Track,2.5
ITM-AEF944EA,Live at the Bluebird: A Nashville (THE TV SHOW) Covers Compilation,Digital Album,0.0
ITM-B7934E6F,Most High Thing,Digital Album,6.0
ITM-56C6D47D,Final Fantasy VI - Dancing Mad (Symphonic Arrange),Digital Track,0.0
ITM-A5DE226E,Free For All,Digital Album,0.0
ITM-55F7F5D6,PANCAKES SEQUEL,Digital Album,7.0
ITM-F4EE90CE,"Limited Edition 12"" Vinyl",Physical / Merch,10.0
ITM-C9C15D36,Thirteen,Digital Track,1.0
ITM-0EDB6988,I Don't Care Enough to Stay,Digital Album,6.0
ITM-8A4F207B,full digital discography (5 releases),Other,9.579999923706051
ITM-08D83F9F,Ten Billion Angels,Digital Album,10.0
ITM-ACC1E9A1,GKM VOL. 01,Digital Album,0.0
ITM-C210BE08,REFIX SZN VOL 3,Digital Album,3.0
ITM-B2BFCB79,Men I Trust - Lauren (Oden & Fatzo Edit),Digital Track,0.0
ITM-1EFFDC17,Compact Disc,Physical / Merch,12.0
ITM-39B8826B,The Millennial Edits,Digital Album,10.0
ITM-B98F208E,Shielded By Death - Vol. 1 Busted At The Lit,Digital Album,7.0
ITM-264236B2,Red-Rize-Revo (Remixed by Cranky),Digital Track,400.0
ITM-9CE652D0,JULIANIZE,Digital Track,200.0
ITM-C0F8E7E7,General Noise III (Saphileaum's 3rd Sky) [Digital Only],Digital Track,1.5
ITM-21D2FF8E,SHC×XTC feat.DD''NAKATA''METAL,Digital Track,200.0
ITM-6A0AC9D5,FROM THE CLUB TO THE BEDROOM,Digital Album,9.98999977111816
ITM-367B4C2C,Rhizome 03 - Part 1,Digital Album,6.0
ITM-C978545A,Spiral,Digital Album,8.0
ITM-EDD6FF72,Demongram Face Mask,Physical / Merch,9.98999977111816
ITM-F1591B95,Digipack CD Limited,Physical / Merch,14.9899997711182
ITM-4F9FF0DA,Mortal Coffin Patch,Physical / Merch,7.98999977111816
ITM-31AE916E,Rave'n'roll,Digital Track,1.5
ITM-1CCD798A,あたいの最強の歌_FINAL_v9.wav,Digital Album,0.0
ITM-15B00B29,Dekada,Digital Album,0.0
ITM-FCA0E2D1,Keep On,Digital Track,2.0
ITM-A8E060FF,Baiana (Rave mix),Digital Track,1.0
ITM-905248E0,Offroad 01,Digital Album,3.0
ITM-56B94E82,Mariner (9.9 Mix),Digital Track,2.0
ITM-1EFFDC17,Compact Disc,Physical / Merch,9.98999977111816
ITM-8A4F207B,full digital discography (5 releases),Other,6.75
ITM-EF127FC6,Black vinyl LP,Physical / Merch,22.0
ITM-E052C3A8,Retail CD,Physical / Merch,12.9899997711182
ITM-36F8B481,Bitter Balls,Digital Album,9.0
ITM-0253499D,Анабасис Духа,Digital Album,6.17999982833862
ITM-750E8954,Flux & Contemplation - Portrait of an Artist in Isolation,Digital Album,7.98999977111816
ITM-0EC33E2E,"Limited 12""",Physical / Merch,10.9899997711182
ITM-9070C1AE,Basswell - BreakBeat,Digital Track,1.5
ITM-6029BF62,Neuromancer,Digital Track,0.5
ITM-17BC74B4,[Pre-order] Anti Commercial Sounds t-shirt (Reload),Physical / Merch,20.0
ITM-B89D6BD4,Illusion,Digital Track,0.0
ITM-06AA23F3,full digital discography (3 releases),Other,14.3999996185303
ITM-342E02E3,Mendip Hills Edition,Physical / Merch,22.0
ITM-C2CD43CC,Take The Fall feat. Pete Josef,Digital Track,1.0
ITM-9D015845,Soul Radio,Digital Album,8.0
ITM-B92863CE,Last Horizon,Digital Track,1.0
ITM-C27F3805,VIQ & Krosia - Fragments,Digital Track,1.0
ITM-491E27B1,Faraway Business,Digital Album,4.0
ITM-07EC4682,Legal Ghost / Heaven,Digital Album,2.0
ITM-9ED260E3,Limited Edition Compact Disc,Physical / Merch,4.5
ITM-E03CDBB5,"""Fist & Palm"" vinyl record",Physical / Merch,15.0
ITM-C7151C31,Clouds Over Canigou Møzaika Remix,Digital Track,1.0
ITM-9142D160,Sour Soul Instrumentals,Digital Album,7.0
ITM-DAEF2B14,W.A.P. (Funk),Digital Track,0.0
ITM-BBD1505A,Flashblack Cassette,Physical / Merch,12.0
ITM-F09B12A7,Times of Grace CD,Physical / Merch,12.0
ITM-19F805A2,Ska Against Racism,Digital Album,1.0
ITM-F0961A5A,Crafted,Digital Track,0.0
ITM-1086A5B5,All the Shards,Digital Album,7.0
ITM-4DC0987C,My Own Bed,Digital Track,0.0
ITM-7BEFF197,Wireless,Digital Album,4.0
ITM-63A05F5F,Awaken From Slumber,Digital Album,6.0
ITM-205D98D2,Forlorn,Digital Album,2.0
ITM-0222B190,Tesuto,Digital Album,4.98999977111816
ITM-763DDF5D,"Limited Edition 12"" vinyl",Physical / Merch,15.0
ITM-70A431E2,Palissade,Digital Album,7.0
ITM-ADA5FF78,Temno i Strashno,Digital Album,7.0
ITM-03A82B82,In Gut's House,Digital Album,8.0
ITM-7859F844,ヾ(⌐■_■)ノ♪ *･ﾟ✧ ✧ﾟ*ヽReal Headfuck ♪  *♪ Reverse Déjà Vu *:･ﾟ,Digital Album,4.0
ITM-6656D1CA,"Limited Edition 7"" Vinyl",Physical / Merch,10.0
ITM-F9D089AF,Ociya - Powers Of Ten,Digital Album,10.0
ITM-503FA092,Bigger Than Life,Digital Album,9.98999977111816
ITM-394605DA,Feelosophy,Digital Album,9.89999961853027
ITM-1A8B5024,TOM MOULTON's PHILADELPHIA [Unreleased Mixes],Digital Album,20.0
ITM-C89686A3,Window,Digital Track,1.5
ITM-6B76F36D,Oracle Bones / 64 Kua T-shirt white w/ black print,Physical / Merch,20.0
ITM-1B45C35C,Limited Edition Moonbeam Cassette,Physical / Merch,5.25
ITM-9FDB03C8,Politician...Of Love,Digital Track,1.5
ITM-D5508548,Last Date,Digital Track,1.5
ITM-03D45F77,Capture The Flag,Digital Album,6.9899997711181605
ITM-324526E5,He Is My Listener,Digital Track,1.0
ITM-B7685152,American Blues,Digital Album,0.0
ITM-96926202,EMDR (A Five-EP Compilation),Digital Album,10.0
ITM-19AADE09,Hunger for a Way Out,Digital Album,0.0
ITM-DAA0585B,Mantis 02,Digital Album,4.0
ITM-8BF90683,Suspended,Digital Track,1.60000002384186
ITM-79F331C0,LÍO,Digital Track,3.04999995231628
ITM-44A50F07,Capture,Digital Track,1.5
ITM-F398345C,Moloch,Digital Track,1.0
ITM-013122A2,Nagow (with Buunshin),Digital Track,2.0
ITM-7E10C780,Walah,Digital Album,2.0
ITM-1578D489,"Limited Coloured Vinyl Edition 12""",Physical / Merch,18.0
ITM-7427F30C,SPACESHIP SOLARIS XB3 (E-GZR Progressive 909 Dub),Digital Track,2.0
ITM-126F5467,Robodroid - The Darkness Is Coming EP,Digital Album,0.0
ITM-54443500,Highland Valley,Digital Track,1.5
ITM-41025387,Talk About Our Love (Capital Kaos Get Me Up Vogue Mix),Digital Track,2.0
ITM-5F8C4B48,Moan Pres. Milan Minimal Deep Tech Sample Pack,Digital Album,16.5
ITM-6F6C4F4D,Limited Edition Cassette,Physical / Merch,12.0
ITM-CA1E3636,Prieur&Landry,Digital Album,10.0
ITM-F32865CD,Socialism Core Value II,Digital Album,0.0
ITM-D1137DB9,Noises In The Right Order,Digital Album,10.0
ITM-24EB1BF9,In The Heart Of The Home,Digital Album,0.0
ITM-C01E438F,Modern earrings made from Jackie's used guitar strings,Physical / Merch,29.0
ITM-13A1241E,(PRE-ORDER) Limited Edition Transparent Gold Vinyl,Physical / Merch,20.0
ITM-C2CC7082,Connection,Digital Track,1.20000004768372
ITM-5E1B4DB4,Temtem Up!,Digital Album,1.0
ITM-2E89FF17,PREORDER:  KIND - Mental Nudge Limited Digipak CD,Physical / Merch,10.0
ITM-05A1FE7E,CAMP BLOOD Logo T-Shirt,Physical / Merch,15.0
ITM-5060E594,Primal Forms,Digital Album,6.0
ITM-CBB5486E,Sim,Digital Track,0.0
ITM-A49529AB,Doom na kraji lesa,Digital Album,0.0
ITM-8962CC6B,SIMON LEBRON-MONSTER MANUAL,Digital Album,5.0
ITM-5CEA3D73,limited edition lp - electric blue with black smoke vinyl,Physical / Merch,18.0
ITM-5B7BC4A7,Fidde - I Wonder If You Know (Dreams),Digital Track,1.20000004768372
ITM-4EEFD9CB,Space Formula,Digital Track,1.0
ITM-04284F32,SLIT RED BIRD THROAT,Digital Album,5.0
ITM-177FF514,ikangure,Digital Track,1.0
ITM-D0ECE04F,Two Mics (feat. Missing),Digital Track,1.0
ITM-344C1C6F,Stay Tuned!,Digital Album,10.0
ITM-0158229A,Hypnospace Outlaw OST Vol. 1,Digital Album,5.9899997711181605
ITM-1AE61FD9,Phosphenes Vol.1 - Re/Structure,Digital Album,7.0
ITM-F1D5F436,Transmigration : From Soil to Soil,Digital Track,0.0
ITM-C09AD586,Underwater Cities,Digital Album,6.0
ITM-2DCD0D9D,Self-Cut Bangs,Digital Album,1.0
ITM-BF11F487,Offering Cassette,Physical / Merch,6.5
ITM-74DE3E45,Reflect,Digital Track,1.78999996185303
ITM-FCCA0FA6,Triple Vision,Digital Track,1.75
ITM-C63E2BF2,Tundra,Digital Track,2.0
ITM-0B8C0C1B,full digital discography (124 releases),Other,0.5
ITM-32693EB8,Standar Edition,Physical / Merch,5.0
ITM-7F965BAC,Rickety Cricket [Mad Zach Remix],Digital Track,0.0
ITM-7BC2854A,Dwellings Digipak + download,Physical / Merch,8.0
ITM-5AB91617,Magnus Venator,Digital Album,7.0
ITM-7E0F4B49,Outer Origins,Digital Track,3.0
ITM-F29DCEB8,Telepopmusik - Don't look back ( Octave edit ),Digital Track,0.0
ITM-B4D92D5E,Thematic- Mutation,Digital Track,1.5
ITM-E786951C,Red Sun,Digital Track,1.0
ITM-69E7DC79,Coming Down,Digital Album,2.0
ITM-3AF766F2,The Encounter (Morphed),Digital Album,7.0
ITM-677B830F,Paracosm Cream T-shirt,Physical / Merch,10.0
ITM-75190C26,"Nerso, Middle Mode - Deep Blue (Hippy Cat Remix) (​​SPIT219 - Spiral Trax)",Digital Album,1.0
ITM-0D9B0A3B,Breathe,Digital Track,2.0
ITM-DECCBE4E,Translate,Digital Album,7.0
ITM-77513449,To Live to Kill to Live,Digital Album,10.0
ITM-13DB2D9F,Again,Digital Album,10.0
ITM-AB306503,Kauf,Digital Track,1.0
ITM-5F33A1E4,5am Nostalgia,Digital Track,1.5
ITM-9623DCB7,Doombound,Physical / Merch,10.0
ITM-D396E6D9,Danny Boy Instrumental Harmony Sheet Music for Fiddle Duet or Trio,Digital Album,1.5
ITM-28225299,full digital discography (9 releases),Other,34.5
ITM-E7F497DB,Spirit World Field Guide,Digital Album,10.0
ITM-CA6556D2,Wurk,Digital Track,1.0
ITM-8DFDC328,dill witch shirt,Physical / Merch,15.0
ITM-7EDA2373,Lake Demos,Digital Album,0.0
ITM-CEE6A913,Pink Vinyl,Physical / Merch,19.0
ITM-6F6C4F4D,Limited Edition Cassette,Physical / Merch,1.0
ITM-B184B08E,Limited Edition Double CD and Black Long Sleeved Trepanation Shirt,Physical / Merch,20.0
ITM-2D9D71B1,Fox The Fox - Precious Little Diamond (PanoSigma Edit),Digital Track,1.20000004768372
ITM-AD759615,Mortal,Digital Album,6.9899997711181605
ITM-46846737,Now U Got Me Hooked,Digital Track,1.0
ITM-57AAC663,Gastro Funk,Digital Track,1.5
ITM-BF64611E,Stereo Waltz,Digital Album,7.0
ITM-AD20331E,City Of Dreams,Digital Album,8.0
ITM-8CD85024,"Nigunim, Vol. VII: Songs of Ascent",Digital Album,10.0
ITM-196A5FE6,Fiebre,Digital Album,7.0
ITM-A863BD8A,The Grit,Digital Album,5.0
ITM-D11156D0,PLETÓRAX,Digital Album,0.0
ITM-548A5D94,The Residents - Diskomo (WLDV Edit),Digital Track,0.0
ITM-94DC7A77,Global Riddims Volume 3,Digital Album,0.0
ITM-6D753BBA,Actress - 'Karma & Desire' Crystal Clear 2LPX [ZEN271X],Physical / Merch,24.0
ITM-B2C05EE6,The Illithid - Demo,Digital Album,0.0
ITM-0E8AFEC1,Breath of Fire III (Remastered Tracks),Digital Album,10.0
ITM-92B7898D,The Residents Resifted,Digital Album,1.0
ITM-CF4E4D15,NEW!!!! Bobuck / Hardy Fox - Nineteen Sixty Seven (2017 solo Residents) SR24,Digital Album,8.0
ITM-8CA6A514,Billie Eilish - ilomilo (Ran Katan Remix),Digital Track,1.45000004768372
ITM-94896DB2,Partyline Tee,Physical / Merch,30.0
ITM-CB53B9E1,PLZ Rave From Home Tee (Pre-Order),Physical / Merch,30.0
ITM-EF5F4389,PLZ Rave From Home Swag Bag,Physical / Merch,25.0
ITM-5179BE53,A Cosmic Dreams,Digital Album,4.0
ITM-1D1F4B97,Scarlet System,Digital Album,200.0
ITM-89FAA524,Encounters,Digital Album,0.0
ITM-4DE1E462,Swidden Tape,Physical / Merch,8.0
ITM-6C289937,Leaving Ringworld,Digital Track,1.5
ITM-37B32EC4,Sweet Time Vinyl Bundle!,Physical / Merch,20.0
ITM-A0147F22,Limited Edition Double Yellow Vinyl,Physical / Merch,20.0
ITM-BD99D415,Front (D.Dan Remix),Digital Track,1.5
ITM-96986E37,full digital discography (14 releases),Other,8.050000190734862
ITM-146DC98C,It Ain't Working (Remixes),Digital Album,1.5
ITM-31ACFF3C,Elgin Towers (Remixes),Digital Album,1.5
ITM-7F2E9BBE,Take Care,Digital Album,5.0
ITM-595EB011,Nothing as the Ideal,Digital Album,10.0
ITM-4606B746,Whipstriker - Seven Inches of Hell - Cassette Boxset,Physical / Merch,16.0
ITM-A1AF6991,Dreams,Digital Album,7.0
ITM-B522BE68,"Vinyle 12"" - Livraison gratuite Montréal (voir codes postaux)",Physical / Merch,19.9899997711182
ITM-4D855669,1969,Digital Album,9.98999977111816
ITM-DC969C31,International Wafter,Digital Album,4.0
ITM-4BFBFE6E,Here Lies,Digital Album,8.0
ITM-9506DAB8,Gender Role,Digital Track,2.0
ITM-C2023176,Metalacid,Digital Album,5.800000190734861
ITM-8E843553,"12"" 140g Crystal Clear Vinyl",Physical / Merch,15.0
ITM-3904AE84,25/7,Digital Album,15.0
ITM-DD90520C,Daily Dose,Digital Album,15.0
ITM-8E1A7212,Highko & Selective Mood,Digital Album,4.0
ITM-8FE6289E,EAU'D TO A FAKE BOOKIE VOL 2,Digital Album,11.0
ITM-7A2B621C,Highko - 2nd Dose,Digital Album,15.0
ITM-26D413D6,Leon Vynehall - 'Nothing Is Still' LP,Physical / Merch,17.0
ITM-00F14797,La P'tite Fumée - Thunderbird,Digital Album,10.0
ITM-40312240,No Fronteras Tee BLACK,Physical / Merch,30.0
ITM-9D52CFEF,Resurrection - Best Of,Digital Album,7.0
ITM-6F3F167A,Swopom EP,Digital Album,5.0
ITM-55276C10,Rest,Digital Track,2.2899999618530296
ITM-3B08DCAB,In Return,Digital Album,7.0
ITM-75D9EA3D,XOZ004: Fifth Force,Digital Album,5.0
ITM-EA221A43,Höggur,Digital Track,1.5
ITM-EF74947D,Tall Black Guy X Craig Mack - Flavor In Ya Ear Remix,Digital Album,2.0
ITM-7BF0CD4E,Slurp Gurken - Marinn,Digital Track,4.5
ITM-54894E44,Confusion,Digital Track,1.5
ITM-9B939355,Limited Edition D.LP,Physical / Merch,30.0
ITM-4EF81462,The London Letters,Digital Album,20.0
ITM-B1F3D00E,Halloween Classic Logo Pullover Hoodie,Physical / Merch,37.0
ITM-E78ED8F5,Limited Edition LP,Physical / Merch,25.0
ITM-E78ED8F5,Limited Edition LP,Physical / Merch,30.0
ITM-95B67A21,Fallen,Digital Track,0.0
ITM-D8704B17,full digital discography (4 releases),Other,1.0
ITM-652D4607,Flattrax : FLAT1 : Highrise / Ollie Rant,Digital Album,3.0
ITM-05D23810,Buy CD (16Bits) and get immediate 9-tracks download (24Bits),Physical / Merch,10.0
ITM-9F0A517D,Candy Mountain,Digital Album,2.0
ITM-568F5050,Clandestine Tramp,Digital Album,0.0
ITM-572E98BA,Digipak CD Sermon Of Apathy,Physical / Merch,13.0
ITM-F341C771,We Rollin' for You (Main/Remixes),Digital Album,3.0
ITM-A8ADE1E0,"GBW 010 (Standard Black 12"" Vinyl)",Physical / Merch,11.0
ITM-BFACD978,"3AGIC 02 (Standard Black 12"" Vinyl)",Physical / Merch,11.0
ITM-15E05226,"3AGIC 03 (Standard Black 12"" Vinyl)",Physical / Merch,11.0
ITM-9FA8E033,Conquest,Digital Track,2.0
ITM-3EF3AA1A,"12"" LP (gatefold)",Physical / Merch,199.0
ITM-11A066FA,"Ventre De Biche's Third Album : ""III"" + Digital Download",Physical / Merch,16.0
ITM-03964DAC,"""Victoire Chose"" Lim. Ed. LP + Digital Download",Physical / Merch,20.0
ITM-E5D4B3AF,La P'tite Fumée - Owl Rising,Digital Album,0.0
ITM-386C354F,Water Shots,Digital Album,0.0
ITM-C8E52563,Goons Be Gone,Digital Album,9.0
ITM-867F126A,Check the Rhime / Lyrics to Go,Digital Album,2.0
ITM-4A5FB31C,full digital discography (21 releases),Other,27.649999618530305
ITM-75E434C8,Nothing Conquers T-Shirt,Physical / Merch,35.0
ITM-884F247D,Mondchateau,Digital Album,8.98999977111816
ITM-9A162169,Under the Covers Volume II,Digital Album,9.98999977111816
ITM-BA716429,Under The Covers,Digital Album,9.98999977111816
ITM-FD94B281,"Under the Covers, Vol. III",Digital Album,9.98999977111816
ITM-92D5859B,MARAL PUSH VINYL,Physical / Merch,18.0
ITM-6D96D199,MTR Project EP,Digital Album,6.0
ITM-B7A71D87,Alexander,Digital Album,2.0
ITM-44A26898,"Madrigal / Chump 12"" (SECOND PRESS)",Physical / Merch,15.0
ITM-EFA14C9D,Silver Pozzoli - Around My Dream (rmx),Digital Track,2.0
ITM-C722ECF1,Apis Malfiore:  Mokujikigyo C31,Physical / Merch,7.0
ITM-1008AC3E,Basement Tapes Volume 2,Physical / Merch,5.0
ITM-4BC27471,Cousin's Birthday Party,Digital Track,1.0
ITM-6F976C11,Les chansons de la gloire,Digital Album,1.0
ITM-EA728F68,Lidojums Uz Sauli,Digital Track,1.0
ITM-7D62F6AF,Born Of The Jackal,Digital Track,1.0
ITM-074AFEDA,Avenger,Digital Track,1.28999996185303
ITM-2BA92F3D,DJ ZVONIMIR - TRUE GARLABIAN KLUB MUZiKK,Digital Album,0.0
ITM-1F5E3A36,Ride to Paradise (Vintage Version),Digital Track,1.0
ITM-658CFC97,Shineback T-shirt,Physical / Merch,10.0
ITM-5CC5F76A,Summer Jam,Digital Track,400.0
ITM-144C5B2E,Breaks 'N' Pieces Vol.2,Digital Album,6.0
ITM-5C74E300,Breaks 'N' Pieces Vol.1,Digital Album,6.0
ITM-9B5F6825,The Visionary,Digital Album,9.89999961853027
ITM-9E221FCB,European Sun,Digital Album,7.0
ITM-CA4AC7AF,The Adventure Zone: The Crystal Kingdom OST,Digital Album,0.0
ITM-04CDE1FB,Memory Loss,Digital Album,2.0
ITM-E3D76E13,More Beautiful (Astral Travel Agency Remix),Digital Track,0.0
ITM-00EE22AA,Sleeper,Digital Track,1.0
ITM-B94188BF,Ammil,Digital Album,0.0
ITM-ECFCC8A8,Stonks Go Up,Digital Track,2.0
ITM-DC06D1F1,I-SOL-8,Digital Track,2.0
ITM-63B3D4DC,Super Nova,Digital Track,1.0
ITM-47DCBD83,Music,Digital Album,9.98999977111816
ITM-FD978D27,Glassforms,Digital Album,9.0
ITM-4827A23A,DIGIPAK,Physical / Merch,12.5
ITM-BBB50300,323. TEKC 909 - Heart Compressor,Digital Album,3.0
ITM-46FE6116,Wraetlic - Bumfluff (Smagghe & Cross Remix),Digital Track,3.0
ITM-177C795C,Coming To You (House N' HD Terry Hunter & Mike Dunn Soulfrica Mix),Digital Track,1.5
ITM-EC6A15D7,Sextant (Original),Digital Track,1.0
ITM-22F44086,Tangiwai,Digital Album,5.0
ITM-2141B7E6,Hauntologists,Digital Album,7.0
ITM-7B7AC450,LOVERS RIDDIM  feat. OG,Digital Track,1.0
ITM-8DEB02A7,PROMO 2020 NCS,Digital Album,0.0
ITM-EE4ACD71,Incident Prism - Sonar Discipline,Digital Track,0.9900000095367428
ITM-A7947335,IN AND THROUGH THE BODY,Digital Album,11.0
ITM-4FC7C158,Smarts Bundle: LP & Tee!,Physical / Merch,50.0
ITM-233724C5,LP,Physical / Merch,20.0
ITM-072F1576,The Use of My Belonging,Digital Track,1.0
ITM-87E07FEA,Death Slump,Digital Track,1.0
ITM-0D677F05,Skepta Dub,Digital Track,1.0
ITM-57F01F30,CD version of Singularity to Extinction,Physical / Merch,12.0
ITM-C3487BE1,Born To Love (Extended Mix),Digital Album,1.5
ITM-0DE3B086,Martin Matiske - Robotic Theatre [Moustache Records 044],Digital Album,6.5
ITM-F76AFC6A,Pangolin,Digital Album,3.32999992370605
ITM-21F25694,BERG 7,Digital Album,0.0
ITM-F460CDC8,Monsters,Digital Album,8.0
ITM-CA3CF8AD,Decomposed Sacramentum,Digital Album,7.0
ITM-D580890A,Life's Riddle,Digital Track,2.0
ITM-534AB81B,Maritime Tatami,Digital Track,0.790000021457672
ITM-185E99B9,Solitude,Digital Album,0.0
ITM-6A56360A,Decemberized,Digital Track,1.0
ITM-7F668392,Redman - Let`s Get Dirty (I Can`t Get in da Club) (Is it dirty enuff?) remix),Digital Track,0.0
ITM-2CE10C4B,Srilantrax,Physical / Merch,10.0
ITM-3A198B28,All Them Witches - Nothing as the Ideal [CD],Physical / Merch,12.0
ITM-80A2DC35,Head Games II,Digital Track,2.0
ITM-04A04131,Abrahadabra,Digital Album,8.0
ITM-B888BB64,Hard Techno Maniacs,Digital Album,12.0
ITM-7015519C,Max In The World - Radiant City,Digital Album,5.0
ITM-C0429B6A,Snowball,Digital Track,0.9900000095367428
ITM-5EC9514F,Terminus EP,Digital Album,4.0
ITM-A267AC91,Blonda Yirini,Digital Track,1.0
ITM-45140B5E,Travis Scott - Antidote (Justin Jay's Party on a Sunday Edit),Digital Track,1.5
ITM-FF13DCC3,Digipack,Physical / Merch,5.0
ITM-EC2EC719,Digipack 1.3.1.2,Physical / Merch,5.0
ITM-C723226C,1.3.1.2. T-Shirt Homme,Physical / Merch,18.0
ITM-36D83040,Turbo Island,Digital Track,2.5
ITM-B4560E29,Saturday Night Griever,Digital Album,8.0
ITM-E05E2629,FIND Y'ALL,Digital Track,1.0
ITM-D4E3B73D,"12"" vinyl",Physical / Merch,10.0
ITM-90E61E3E,"2 x 12"" vinyl",Physical / Merch,20.0
ITM-1DFA68F9,Death Cult,Digital Album,6.9899997711181605
ITM-F7891443,Let It Burn,Digital Album,8.0
ITM-53E9121B,Smoke Vinyl,Physical / Merch,20.9899997711182
ITM-98E55212,Man on the Run (Remixes),Digital Album,20.0
ITM-106BEDE9,Linea Aspera LP II,Digital Album,10.0
ITM-7877C606,full digital discography (7 releases),Other,24.899999618530305
ITM-23EEC943,A Romance With Violence,Digital Album,8.98999977111816
ITM-261ABC05,Asquith - Temple Runner,Digital Album,5.0
ITM-8CFC9536,Axefield - Keep Talking,Digital Album,5.0
ITM-11177EF1,The Upturned Stone,Digital Album,8.0
ITM-94B9DDA2,Chapter 319,Digital Album,0.0
ITM-22EBC13A,Magnetic Acid EP,Digital Album,0.0
ITM-F4EE90CE,"Limited Edition 12"" Vinyl",Physical / Merch,20.0
ITM-C46EEE26,One of a Kind Paintings,Physical / Merch,30.0
ITM-1634ED9A,Psychopomp,Digital Album,1.99000000953674
ITM-A870CFD7,"12"" Heavyweight EP Vinyl - with Special Art Print Insert",Physical / Merch,12.0
ITM-CB49AD33,Harvest,Digital Album,0.0
ITM-D8059003,Aspire,Digital Album,9.0
ITM-8319FA0E,Baba Naga Robe,Physical / Merch,10.0
ITM-6C77938B,Downfall of the Nemesis,Digital Album,5.0
ITM-E7A434AF,DJ-Kicks (DJ Tennis),Digital Album,10.0
ITM-1BE59B90,Limited Edition 12'' Vinyl (180 g),Physical / Merch,19.0
ITM-D6BD504F,Ambient Breakbeat Sample Pack,Digital Album,16.0
ITM-2503CF46,"T-shirt ""White Rum"" The Bolokos",Physical / Merch,15.0
ITM-D192B042,Vinyl + Sick Bay T-shirt combo,Physical / Merch,35.0
ITM-4B4CA87D,Immaculate Inadequacy,Digital Album,7.0
ITM-20C512F5,Pandemophenia,Digital Album,10.0
ITM-DB0AF73D,VINYL PRE ORDER,Physical / Merch,11.0
ITM-EB601E44,So On So On,Digital Album,9.98999977111816
ITM-7F1D8B28,Saving for a Custom Van,Digital Album,10.0
ITM-1145FD76,Casualty,Digital Track,1.5
ITM-F413B068,Rock N Roll Dreams'll Come Through,Digital Track,0.0
ITM-21371159,Along The River EP,Digital Album,5.0
ITM-69BD3B6E,"Late Monoliths, 2011-2013",Digital Album,15.0
ITM-98A76782,"12"" Vinyl - TIN009",Physical / Merch,9.98999977111816
ITM-B58DC998,Elephant Dub / Heavy as Stone,Digital Album,2.0
ITM-F1D0B114,Pail Fire,Digital Album,0.0
ITM-D945151B,Material Hangover,Digital Album,4.0
ITM-5DBBCD8A,Don't Know When I'll Be Back Again: A Compilation Benefiting American Veterans of the Vietnam War,Digital Album,7.0
ITM-6EF58D64,Hey! Ted Leo,Digital Track,1.0
ITM-A2F1A04C,Yeah!,Digital Track,1.0
ITM-8917A7A1,Like You!,Digital Track,1.0
ITM-0603FBF0,Shedding The Past,Digital Album,10.0
ITM-1F422B34,"2014-04-12: Bluefields Cafe (Oneonta, NY)",Digital Album,0.0
ITM-0F83966F,Offroad 02,Digital Album,3.0
ITM-BAD88E36,Opto Files (Opiate parts).,Digital Album,2.5
ITM-60116288,Tropic Quarentino,Digital Track,1.5
ITM-DE07D8AD,[DIAG909],Digital Album,0.0
ITM-C7207657,Rigid,Digital Track,1.0
ITM-BAD6A5DD,Opacity,Digital Track,1.0
ITM-069AB15D,PICK UP,Digital Track,1.5
ITM-723E97B7,re:FLEX*ion (Deluxe),Physical / Merch,13.0
ITM-938616DC,Nature Family,Digital Album,7.0
ITM-023331EB,Bliss Inc. - Hacking The Planet,Digital Album,6.0
ITM-94168EEF,Another Lonely Night In Berlin,Digital Track,1.0
ITM-7F5F1704,Thinkin (Jake's 2002 Groove Version),Digital Track,0.0
ITM-C30962BA,Rave Instructor (Original Mix),Digital Track,2.0
ITM-D46E5D6C,La Tumba,Digital Album,5.0
ITM-508A05A7,Service Provider,Digital Album,5.0
ITM-C3BBD504,Odyssey,Digital Album,2.0
ITM-B6700850,"We Are Never Alone. Songs of Vic Chesnutt. Limited edition 12"" Black Vinyl",Physical / Merch,15.0
ITM-A0F74D92,Erotic Salts,Digital Album,1.0
ITM-25E86DDC,Material Life,Digital Album,2.0
ITM-0C2127EA,Try It Out,Digital Track,1.5
ITM-9B003FB2,Rez (Skee Mask Remix),Digital Track,1.0
ITM-9C557202,Terra,Physical / Merch,12.0
ITM-F96F79E5,Dog City (vinyl pre-order),Physical / Merch,20.0
ITM-AC7B98FD,In The Stone (Jam Master's remix rework),Digital Track,2.0
ITM-4B1A4257,"limited edition 10""",Physical / Merch,10.0
ITM-E502FBDD,death of spring vinyl,Physical / Merch,14.0
ITM-80922D4E,blue vinyl,Physical / Merch,15.0
ITM-2E9D10F6,"Euth LP 12"" edition",Physical / Merch,13.0
ITM-CC72AA5C,Toxic Ocean // Nuclear Sea,Digital Track,1.0
ITM-2F7B2D81,The Populists AKA Yan Wagner - Belgian Trip,Digital Album,3.0
ITM-EB2EDCE1,"Kutiman feat. Melike Şahin - Elimi Tut (45rpm 7"" vinyl)",Physical / Merch,7.0
ITM-0EBA4416,Limited Edition RTM Cassette,Physical / Merch,6.5
ITM-1C5280D1,Cheatin,Digital Track,1.0
ITM-233724C5,LP,Physical / Merch,14.0
ITM-58324F04,Live at The Bomhard,Digital Album,10.0
ITM-BFF6CF41,You Keep Me Hangin' On - The Supremes (Cover),Digital Track,0.9900000095367428
ITM-BCA7B6AB,Me Too - Meghan Trainor (Cover),Digital Track,0.9900000095367428
ITM-BE720308,Addicted to Love (Cover),Digital Track,0.9900000095367428
ITM-DA73A47C,Unreleased Hits - single,Digital Album,0.0
ITM-09C9EA00,Waterfall,Digital Track,0.0
ITM-C6EBC246,B1 - A Man Of God,Digital Track,1.5
ITM-53800F59,It Is What It Is (Radio Edit),Digital Track,1.0
ITM-F0FD1642,Make Room,Digital Track,1.0
ITM-B77306EB,Trave,Digital Track,1.5
ITM-1915EFA1,Rain For Love,Digital Album,0.0
ITM-02EFF908,La Danse de la Lune,Digital Album,0.0
ITM-09E4363F,Tribe Earth,Digital Track,1.5
ITM-D9FF2D23,Sadogashima,Digital Track,1.5
ITM-19D1DD1B,The Friendship of the Lonely Chords,Digital Track,4.5
ITM-A5C17E2F,Exotic Biotic,Digital Track,1.5
ITM-B51220A3,Levitate,Digital Track,4.5
ITM-1A7CC0AA,Hertz | 01,Digital Track,0.0
ITM-35735BF3,Duat (Land of the Dead),Digital Track,1.5
ITM-01A830EA,LTD DEAFBRICK Red & Black Splatter Vinyl,Physical / Merch,19.9899997711182
ITM-D2269F4F,My Vibe (the album),Digital Album,8.0
ITM-D8704B17,full digital discography (4 releases),Other,14.0
ITM-5602B347,上海／香港,Digital Album,5.0
ITM-9900BDB9,Meditation_01,Digital Track,0.0
ITM-65F1583B,Standard CD,Physical / Merch,12.0
ITM-E2A65FBA,Resurgence,Digital Track,3.5
ITM-1F140164,the bloodline e.p.,Digital Album,5.0
ITM-13400B25,Basket Music w/ Gun Outfit,Digital Album,7.0
ITM-2929BCE5,STILLPOINT,Digital Album,0.0
ITM-F464DCC0,Back To Life,Digital Album,0.0
ITM-32D68F91,Inanna's Dream,Digital Album,0.0
ITM-4D20C361,AFN 004,Digital Album,9.0
ITM-C9E7480C,Concentration,Digital Track,3.0
ITM-9413CF15,Ivan Ave x Club 121 Project cap,Physical / Merch,39.0
ITM-8E4928F6,Eartheogen - Tweaked Tiki (Free Release),Digital Album,0.0
ITM-64D62191,The Calm,Digital Album,6.0
ITM-A3B03CB9,Cassette Tape,Physical / Merch,6.65999984741211
ITM-1380CEB5,On Own Beach,Digital Track,1.78999996185303
ITM-F4EE90CE,"Limited Edition 12"" Vinyl",Physical / Merch,35.0
ITM-BF818CA3,Ushi 丑,Digital Album,5.0
ITM-53D0C4B4,Grower,Digital Album,4.0
ITM-280B0D28,Solidarity With Beirut T-Shirt,Physical / Merch,30.0
ITM-31C878DA,Music is my Life (Wilson's Original),Digital Track,2.0
ITM-82D37D79,Astral,Digital Track,1.5
ITM-331D0F2A,Limited Edition LP on 180 gram opaque white vinyl,Physical / Merch,22.0
ITM-22E7C9ED,Limited Edition Transparent 180 Gram Vinyl  LP,Physical / Merch,22.0
ITM-8275FE55,Key to Insaniity vs Tokoloshe - Totem Tamers,Digital Track,1.0
ITM-4BF07FA8,The Hum,Digital Track,1.0
ITM-810C8FF1,Yair Levi & Asaf Goren & Shai Sol - BEN ADAM | יאיר לוי & אסף גורן & שי סול - בן אדם,Digital Track,10.0
ITM-74F2691A,רפא נא- Refa Na,Digital Track,5.0
ITM-1B19BA14,ДЖУНГЛЬНАЯ ВЕДЬМА /// JUNGLE WITCH,Digital Album,5.0
ITM-8A77BE8D,Somewhere City,Digital Album,0.0
ITM-5B0FBA89,Hydrostatic,Digital Track,1.75
ITM-1304BF0A,Hell on Earth,Digital Track,1.0
ITM-2F820EA5,Jaber Fayad - Sufi Taksim (Sahalé edit),Digital Track,0.0
ITM-D8C92F5E,Echoes,Digital Album,0.0
ITM-C69FB0C4,Waltz ala Peter Gundry,Digital Track,0.0
ITM-F95F4AA1,KROMESTAR - LOST GEMZ EP,Digital Album,2.99000000953674
ITM-B4DF90A2,"DEMOS, CASSETTES, ADATS & FLOPPIES PT.1 | KDJ-51",Digital Album,5.67000007629395
ITM-88DC67E5,EVER NEW,Digital Album,17.0
ITM-27E9C0D7,Stun,Digital Track,2.0
ITM-477AD6FF,Split w/ Bagarre Générale,Digital Album,7.98999977111816
ITM-FE77E1C1,The Mystic Way,Digital Album,7.0
ITM-DD7FDB9A,Samba De Velho,Digital Track,350.0
ITM-60B3DCCC,Mama Africa,Digital Track,0.0
ITM-D093E294,Sigalala,Digital Track,0.0
ITM-B83B2EBB,The Valley,Digital Album,9.98999977111816
ITM-968FCFF4,The Heavens Are Not On Fire...,Digital Album,0.0
ITM-F2CDDE7C,DJ Kane feat Future Forces - Morpheus (2020 remaster),Digital Album,1.5
ITM-CB71DAE8,Imaginary Dancing Volume One,Digital Album,7.0
ITM-5ABAE7AC,Regular edition CD,Physical / Merch,14.0
ITM-FB33B29F,CD digifile,Physical / Merch,13.5
ITM-A63408D4,full digital discography (10 releases),Other,90.0
ITM-9EE7F29D,Suzi Quatro & Chris Norman - Stumblin in ( Absolute remix ),Digital Track,1.87999999523163
ITM-9C6142A3,Marvin Gaye vs. Beyoncé - Sexual boy ( Absolute remix ),Digital Track,1.87999999523163
ITM-372B8904,Whails EP,Digital Album,4.0
ITM-AEC497CC,The Rebels Not In,Digital Album,7.0
ITM-B80C545E,Marked,Digital Album,0.0
ITM-9913928C,Black Duke,Digital Album,10.0
ITM-F0258B66,Demo,Digital Album,0.0
ITM-24F688EE,Yoimergency,Digital Track,1.5
ITM-54029545,The Beast & The Water - Music from The Adventure Zone: Amnesty,Digital Album,0.0
ITM-55333A6B,The Adventure Zone: The Eleventh Hour OST,Digital Album,0.0
ITM-0A93F54E,Journey's End: Music from The Adventure Zone,Digital Album,0.0
ITM-EA7DFCDF,Radio Quiet - Music from The Adventure Zone: Amnesty,Digital Album,0.0
ITM-692A6E2A,Semesters I and II - Music from The Adventure Zone: Graduation,Digital Album,0.0
ITM-E949CD9E,The Adventure Zone: The Suffering Game OST,Digital Album,0.0
ITM-8B561394,Limited Edition Mustard Swirl Vinyl,Physical / Merch,30.0
ITM-10185D5B,O-ren Ishii,Digital Track,1.5
ITM-2E1C12DF,Keep America Great (single),Digital Track,1.0
ITM-D68DAB53,Touch Of Velvet,Digital Track,2.0
ITM-6211DC48,The Time Capsule Experiment,Digital Album,6.0
ITM-04A2005A,Further Than Your Headlights,Digital Track,1.0
ITM-2E43DC36,HUMM,Digital Album,7.0
ITM-ADDFD170,Keep It Working (Jacques Renault Remix),Digital Album,3.0
ITM-EC2D06CE,SVZZ - Mother (TEXTASY EDIT),Digital Track,1.0
ITM-9D4DB06A,"Marduk ""Malice Striker"" Tour 2008 T-shirt",Physical / Merch,69.0
ITM-FB56B45A,Double LP (red vinyl),Physical / Merch,279.0
ITM-F2F0D8D7,"Ofermod ""Pentagrammaton"" T-SHIRT",Physical / Merch,179.0
ITM-09A2B022,Imaginational Anthem Vol. X : Overseas Edition,Digital Album,10.0
ITM-DF1F5B8B,Redevelopment EP,Digital Album,5.0
ITM-7877C606,full digital discography (7 releases),Other,24.75
ITM-C9815A89,"Limited 12"" Vinyl",Physical / Merch,9.98999977111816
ITM-6259211A,常夏,Digital Album,0.0
ITM-D80C9526,Dezzert - Instinct & Reason,Digital Track,1.39999997615814
ITM-28D0EDD0,Low,Digital Track,1.0
ITM-9BFD70FC,Bass On Dolph,Digital Track,1.5
ITM-6AD86C0E,HX​.​PRT_15,Digital Album,8.88000011444092
ITM-F9077C40,Café Vignettes,Digital Album,0.0
ITM-153D15A8,Miche and the Big Band Live At The Riviera,Digital Album,0.0
ITM-316FA432,"Jay Glass Dubs - Apple, Sliced",Digital Track,1.5
ITM-4170ACD6,CD,Physical / Merch,10.9899997711182
ITM-C3993498,Limited Edition 2xLP Vinyl,Physical / Merch,28.0
ITM-BBBDBE37,Limited Edition CD,Physical / Merch,16.0
ITM-B2A64B56,Don't Disguise The Way You Feel,Digital Track,1.0
ITM-58CAC833,Get Wise CD,Physical / Merch,5.9899997711181605
ITM-FB53826D,Basement Sessions Volume 1,Digital Album,5.0
ITM-C2D2E6FF,Basement Sessions Volume 3,Digital Album,5.0
ITM-33DE36AE,Appleville (Golden Ticket),Digital Album,7.0
ITM-2E4AC833,Basement Sessions Volume 2,Digital Album,5.0
ITM-C21C17BD,Transition Song,Digital Track,1.0
ITM-7DA51959,Saskamodie (10 Years Anniversary Edition),Digital Album,9.0
ITM-EF38D598,White Shell Cassette,Physical / Merch,9.0
ITM-035083A8,Oh! Sweet Nothing (Velvet Underground),Digital Track,0.0
ITM-90EED20B,FR33 B33F,Digital Album,4.0
ITM-C6ABDA8A,Real Love,Digital Track,3.75
ITM-8C30CBF9,Cosmic Echoes 12” Vinyl + Tote bag,Physical / Merch,15.8999996185303
ITM-DC21CE30,limited edition cassette,Physical / Merch,10.0
ITM-95CEB359,Flashbacks Vol.2,Digital Album,6.0
ITM-DEB51895,Flashbacks Vol.1,Digital Album,6.0
ITM-5EEE52FF,Stain Your Tongue,Digital Album,7.0
ITM-1CF8AF47,Trio Stonk Live at Smalls,Digital Album,7.0
ITM-250CC08A,Issue N° 8,Digital Album,3.0
ITM-47413504,Abstract Rude Mens T-shirt & Hoodie Set,Physical / Merch,85.0
ITM-91F993E1,Kler,Digital Album,25.0
ITM-DF0BC7C3,Issue N° Fifteen,Digital Album,6.0
ITM-2A49082B,Dali & Three Good Boys - Flying Mountain EP,Digital Album,6.0
ITM-6A728BB5,Issue N° Ten,Digital Album,6.0
ITM-3B66290E,Buoyancy,Digital Track,1.0
ITM-0EBE40C5,Issue Eleven EP (Jealous God),Digital Album,5.0
ITM-107CF519,Matador hoodie (HRR261),Physical / Merch,12.9899997711182
ITM-4170ACD6,CD,Physical / Merch,9.98999977111816
ITM-8C6A1302,Issue N. Fourteen,Digital Album,5.0
ITM-B6C22E05,Half Clear / Half Pink 12 Inch Vinyl (out of 500),Physical / Merch,18.0
ITM-BD865A58,A Martyr's Death - JG 018,Digital Album,7.0
ITM-973BB967,"""collections"" shirt",Physical / Merch,15.0
ITM-ECFAE127,BEAU WANZER - JEALOUS GOD ISSUE TWENTY S/T,Digital Album,10.0
ITM-0F9A1303,"Dungeon Weed - ""Mind Palace of the Mushroom God"" Cassette Pre-Order",Physical / Merch,8.98999977111816
ITM-2786BE1F,Belgrád,Digital Track,1.0
ITM-341637ED,Turquoise Logo Sticker,Physical / Merch,1.0
ITM-359BB36A,Desert Portal Tee,Physical / Merch,15.0
ITM-6597FA3E,Old Gold EP,Digital Album,4.0
ITM-1009F257,Live At Urge Records CS,Digital Album,0.0
ITM-D79B57E5,You (Walking On Thin Ice) Mike MFN Love Edit,Digital Track,1.5
ITM-92F305F1,Free Music - NPJ,Digital Album,5.0
ITM-5B50026B,Soda Jerk E.p,Digital Album,0.0
ITM-32003CE5,Lunch Money EP (freak008),Digital Album,3.0
ITM-1AFCF649,UNFLESH,Digital Album,7.98999977111816
ITM-8490C40F,Candida Albicans,Digital Track,1.0
ITM-3F44FFDC,I Saw the Night,Digital Track,0.9900000095367428
ITM-2D883303,Skeleton Birds,Digital Album,7.0
ITM-87B48FA4,Dream Sweet Dreams,Digital Album,4.0
ITM-FFB85BFE,Secrets,Digital Track,1.0
ITM-7BACA772,Songs for Supper Vol 1.,Digital Album,5.0
ITM-C4CCA6F8,Lucas Welle - Don't Tell Me (Mele Edit),Digital Track,1.5
ITM-F4C831B8,"Live at Merriweather Post Pavilion - Columbia, MD - 6/18/16",Digital Album,10.0
ITM-6B932E4C,Have Yourself A Merry Little Christmas,Digital Track,1.0
ITM-4F791B7D,Auf dem schwarzen Kanal,Digital Album,3.99000000953674
ITM-2073A927,Tales of the Red Cat,Digital Album,7.0
ITM-C89DE189,Das Tor,Digital Album,6.9899997711181605
ITM-918745E1,Midnight Express T-shirt,Physical / Merch,20.0
ITM-C96C1810,Nacht,Digital Album,6.9899997711181605
ITM-8A4D44E1,Im Wald,Digital Album,10.9899997711182
ITM-E19153CF,Talon Haut / Ce Bon Comme Ca,Digital Album,3.0
ITM-C7E94C65,Project: Death,Digital Album,0.0
ITM-CC28A67E,Tamboe,Digital Track,1.5
ITM-0AC799CE,Preorder: Smarts Red vinyl,Physical / Merch,20.0
ITM-2BC46048,Seven Auras,Digital Album,7.0
ITM-9948A066,VWETO II,Digital Album,8.98999977111816
ITM-52D140E2,The Message (Hip House Mix),Digital Track,1.0
ITM-62E4B063,Dream Reality,Digital Track,1.75
ITM-BF414FA0,Narere,Digital Album,2.0
ITM-61627CD9,On The Quarner (Mastered),Digital Album,10.0
ITM-FCFB0CA4,Xerotonin,Digital Track,1.5
ITM-5292C4C9,Les Baxter - The Sound Of Selling,Digital Album,1.0
ITM-64F9E6D9,Galvanised EP [Galvanised],Digital Album,0.0
ITM-98FDBD50,Dogger & Mindstate Ft SP:MC - No more moshpits (Bon Jovi),Digital Track,0.0
ITM-502DC93E,Free Advice,Digital Album,3.0
ITM-41E76DDA,MB4,Digital Track,2.0
ITM-8943E76F,Universal Beings E&F Sides,Digital Album,9.0
ITM-6365DAC2,Debris Vinyl,Physical / Merch,20.0
ITM-85F51E5B,1000 gecs,Digital Album,6.9899997711181605
ITM-E5B64798,Lorna Jane,Digital Track,1.0
ITM-72C41041,Kaepora's Vision,Digital Album,4.0
ITM-7983FCAD,Ground Movement,Digital Track,1.0
ITM-5308A25D,Tendre Jeudi,Digital Album,7.0
ITM-490E0FAE,Solstice,Digital Track,2.0
ITM-26DF97C9,Jump 2 This (Raw Mix),Digital Track,0.0
ITM-41FFD733,Cascade Effect,Digital Track,3.0
ITM-80211CFC,Moving Cities,Digital Album,9.0
ITM-26465438,The Dying Man (1987),Digital Album,1.0
ITM-3F0B208C,Pedro D'Alessandro & Dellacasa - A Message To The Moon (Original Mix),Digital Track,2.0
ITM-B95F921F,Ada Kaleh & Traumer - Speranta (Original Mix),Digital Track,2.0
ITM-90ACD0ED,"Everywhere, an empty bliss",Digital Album,0.0
ITM-AF109833,Roxanne - The Police (Cover),Digital Track,0.9900000095367428
ITM-1F752745,the sea from above! the breeze!,Digital Album,1.0
ITM-B575CEC5,Bluestaeb & S. Fidelity Present Underground Canopy,Digital Album,9.0
ITM-E1F7B0D8,Эрмитаж,Digital Track,1.0
ITM-A2674EAA,Aethernal,Digital Track,2.0
ITM-96D411A2,diy tape.,Physical / Merch,6.69000005722046
ITM-DD753679,I,Digital Album,5.0
ITM-9EEE7897,MOLTED single,Digital Album,0.0
ITM-DA098FAF,ireru (asem shama remix),Digital Track,1.28999996185303
ITM-6BBA68C5,Looking Forward to You,Digital Track,1.5
ITM-E4FD4081,Body Language,Digital Track,2.0
ITM-1CF93EA3,Fear (Forest On Stasys Remix),Digital Track,2.0
ITM-D2C18B26,After Party (Marbled Blue Vinyl),Physical / Merch,14.9899997711182
ITM-258FC27D,Acadie : Raw,Digital Album,8.0
ITM-DF072E0B,full digital discography (6 releases),Other,21.60000038146969
ITM-6CEB767F,Nayda!,Digital Album,7.0
ITM-ACBA1883,Maybe We Could,Digital Album,10.0
ITM-DF09F40B,Zorro Colorado,Digital Track,4.5
ITM-45A08343,Tiroler Stier,Digital Track,0.0
ITM-3D695E2D,Standard Edition Black Vinyl,Physical / Merch,20.0
ITM-995C4606,two houses - split tape with salt meadow,Physical / Merch,6.0
ITM-A8C6E465,Social Fear Club Pt. 1,Digital Album,0.0
ITM-D5D1C844,Die Pretty Die Young,Digital Album,8.0
ITM-3C279CD7,צו השעה – צו ראשון,Digital Album,60.0
ITM-D7E6B65B,DANCE LIKE DOLPHIN (JAY Remix),Digital Track,1.5
ITM-A4DD502B,This Branch Is Weak,Digital Track,1.0
ITM-4966533E,"12"" Vinyl",Physical / Merch,7.0
ITM-FE5EC78C,"""final hour"" hoodie [PREORDER]",Physical / Merch,35.0
ITM-9B6D3000,Inside,Digital Track,1.5
ITM-ABC6C92A,Cushion,Digital Track,1.5
ITM-C4746491,Whistling Thorn,Digital Album,5.0
ITM-A0DD56DB,Call It In T-Shirt,Physical / Merch,10.0
ITM-49575B03,The Way,Digital Track,1.0
ITM-9BB03D12,Rave Station,Digital Track,1.5
ITM-E398F4BF,Transcendental Circus,Digital Album,3.32999992370605
ITM-91AD55AF,Book - 3rd Final Edition - Cash Money Rules (a photo documentary book by Richard R Ross),Physical / Merch,18.0
ITM-2376501C,Λευκά Κελιά,Digital Track,0.0
ITM-57EF34F8,Palavas - So Far Away (Rayko Remix),Digital Track,1.5
ITM-E4E95717,Apology,Digital Album,7.0
ITM-B552D48E,Sunshine Ride,Digital Track,1.0
ITM-160CFDB6,We Call It Prayer,Digital Album,3.0
ITM-32CB3830,Alien Orchestra,Digital Album,0.0
ITM-7E5C095A,Flowers of Evil,Digital Album,7.0
ITM-A1B10DE2,Coldrain,Digital Track,1.0
ITM-6FB9454B,Lost Files (Part 2),Digital Album,2.0
ITM-2A7BDDD1,"BLEACH EVERYTHING (Feat. RILEY GALE) & INTEGRITY ""RFTCC x SDK"" Split LP",Physical / Merch,15.0
ITM-72EB0715,O Mundo Que Me Espere,Digital Track,1.0
ITM-05D26E7D,Resolve,Digital Track,1.0
ITM-249873CB,Buscrates Vinyl Deluxe Pack,Physical / Merch,25.0
ITM-DEF37A49,Call of the Center (Interlude),Digital Track,1.0
ITM-51359E8B,Policy,Digital Album,4.0
ITM-51505521,"7"" Vinyl 45 speed.",Physical / Merch,15.0
ITM-562B4BE1,Tum (Original Mix),Digital Track,1.5
ITM-396EEC44,Jennifer Knows,Digital Album,1.5
ITM-91131D9F,Me Aburres,Digital Track,1.0
ITM-D6B56838,The Dreaming I,Digital Album,6.65999984741211
ITM-7D98BF56,Alchemia Interiore,Digital Album,4.0
ITM-61A1F205,Electronomicon Live,Digital Album,0.0
ITM-B0DE1291,The Sun Rising (PanoSigma Sunset Mix),Digital Track,1.5
ITM-92D19C9A,Limited Edition Picture Disc,Physical / Merch,40.0
ITM-945D1871,Dance More,Digital Track,0.0
ITM-FF25F154,Warrandyte Bridge Reno,Digital Album,6.0
ITM-0182A451,Starlight (feat. Chelsea Owen),Digital Track,0.0
ITM-FE8E2EB3,Suburbs (feat. Nick Leech),Digital Track,1.0
ITM-80AEA4B5,Unstable,Digital Album,7.0
ITM-517F509F,Lavish,Digital Track,1.0
ITM-43B8B378,Falling Away,Digital Track,1.0
ITM-852AFF9E,Wanting More,Digital Track,2.0
ITM-5403790B,Anymore,Digital Track,1.0
ITM-0D9205E3,Look Alive - CHASER Black T-shirt,Physical / Merch,20.0
ITM-EFA76717,OuterYerO'er,Digital Album,0.0
ITM-BFCB87C6,Limited Edition Deluxe Lenticular LP,Physical / Merch,60.0
ITM-22E90E4C,"Dennis Ferrer vs. St.Germain - ""Son Of Rouge"" (youANDme 2020 EDIT)",Digital Track,0.0
ITM-D79A6A2D,Limited Edition Yellow Vinyl,Physical / Merch,25.0
ITM-FF544A0B,CTEMF 2020 : Friends & Frequencies,Digital Album,10.0
ITM-FEC957E8,MIKROPIANIST,Digital Album,7.0
ITM-47F2C6D7,B2 - Coffee Break [SULLF09],Digital Track,2.0
ITM-CD7F07D1,Queue & Throw It,Digital Track,1.0
ITM-1DACFEC2,Incident Prism - Knock Your Socks Off,Digital Track,1.0
ITM-AD49A622,Time To Be Alive,Digital Album,5.0
ITM-CF3569D6,MESSER CHUPS - Taste The Blood of Guitaracula LP (ORANGE vinyl),Physical / Merch,20.0
ITM-352E29B7,Flavours,Digital Album,0.0
ITM-853CE90C,Radu Guran - Aia cu alea cu astea,Digital Track,1.4900000095367398
ITM-6E3D0027,Drumless Tracks (Volume 6),Digital Album,0.0
ITM-1DB81032,"An Eye, For I",Digital Track,2.0
ITM-2B80714B,Are You Listening?,Digital Album,5.0
ITM-6F6C4F4D,Limited Edition Cassette,Physical / Merch,7.0
ITM-48CCA721,Hypnotical E,Digital Track,1.0
ITM-84D8A509,Turn Me Up Some,Digital Album,0.0
ITM-D8AEF2CE,Speakeasy - 10 Years of Swinging on the Other Side of the Pond,Digital Album,0.0
ITM-6C06ADD2,Silk Rock,Physical / Merch,9.0
ITM-6266FFF8,Sometimes It Feels Like Chains,Digital Album,2.0
ITM-8B2A0024,Sun Racket,Digital Album,7.0
ITM-EF792F71,PYRO,Digital Album,5.0
ITM-FB21A588,Don Jaguar,Digital Track,1.5
ITM-8DF02546,COSMIC TOUCH - Transformation,Digital Track,1.0
ITM-D438D911,VOL.1,Digital Album,4.0
ITM-62CFC6EC,Vanishing Point EP,Digital Album,3.0
ITM-A232795E,Vault Vol.1,Digital Album,4.0
ITM-F55696C8,This & That Vol 1,Digital Album,4.0
ITM-1C492DBF,Fresh Out The Mud,Digital Track,2.0
ITM-6C5F3559,How To Become Nothing (Rhyw Remix),Digital Track,2.0
ITM-6D8E4F90,Lilies,Digital Album,7.98999977111816
ITM-3DE79216,stussko - ignite,Digital Track,2.0
ITM-E61FD7DC,Preorder: Black vinyl [third pressing],Physical / Merch,20.0
ITM-BFBC2E2E,Swing & Bass Compilation Album Vol. 2,Digital Album,0.0
ITM-5AB0C834,The Art Of Letting Go,Digital Track,1.0
ITM-980849A1,Heart A.D.S.R.,Digital Album,3.0
ITM-B00ED617,Fede Lng - Shaolin 808 Ep (inc Byron The Aquarius Remix),Digital Album,8.0
ITM-6128F78E,My Story Pierre Codarin Dub edit,Digital Track,1.5
ITM-95F32D67,Euphony - Bodysnatch Pierre Codarin Floor edit,Digital Track,1.5
ITM-A956E985,Opera,Digital Album,5.0
ITM-296C001C,Pop That Pretty Thirty,Digital Album,0.0
ITM-512EF7C6,Land,Digital Album,7.0
ITM-9D6BF25F,Limited Edition Art Book + Digital Album,Physical / Merch,20.0
ITM-7753CA14,Metal Dub Pt 3,Digital Track,2.0
ITM-BCCC21B3,A Deal With The Devil,Digital Album,6.0
ITM-1C6AAC02,Rebuild,Digital Album,0.0
ITM-36D32C57,Carondelet (Me Too mix),Digital Track,1.0
ITM-C04D4A7E,"""Three towers"" pin",Physical / Merch,7.0
ITM-D952ADDB,Albumsi Rhythm Trax,Digital Album,6.5
ITM-1063AF96,Quar and Peace,Digital Album,10.0
ITM-101B68D6,100 Years of Binbag Wisdom,Digital Album,8.0
ITM-78B3AFB0,The Snankle Wrap: limited edition T-shirt,Physical / Merch,18.4899997711182
ITM-FC40101A,M.O.E.R.,Digital Track,1.5
ITM-E7554393,Canopy Pin,Physical / Merch,35.0
ITM-6E02FB12,Miles,Digital Album,9.98999977111816
ITM-014EF84E,Wilt 'Raven's Chant' Baseball Tee,Physical / Merch,35.0
ITM-EE044F40,purple moonlight pages,Digital Album,0.0
ITM-51D3DF2B,Come True,Digital Track,1.0
ITM-BAB04BC1,Ritual Music,Digital Track,1.0
ITM-C276EEA4,Fun Dumpster,Digital Track,0.0
ITM-B357AD5C,2LP Vinyl,Physical / Merch,22.0
ITM-B9885B00,Animistic Beliefs - When Ur Hi (Speed Mix),Digital Track,1.0
ITM-7473CE60,What About My Plants?,Digital Track,1.0
ITM-2ABAF5B0,Shlohmo - The End,Physical / Merch,18.0
ITM-F62CF3DD,mOmaPiano,Digital Album,7.0
ITM-F9FFE67A,Heavy,Digital Track,1.0
ITM-F425777D,My First Car,Digital Album,6.0
ITM-62E76770,The Beautiful Game,Digital Album,10.0
ITM-479049CF,Fugue State,Digital Album,6.0
ITM-83DAF3CD,Vollmilch,Digital Album,6.0
ITM-C58B92F5,Mit Peck,Digital Album,6.0
ITM-B4F36DF2,Soak,Digital Track,1.0
